ESTU_SNIES_PRGMACADEMICO,GRUPOREFERENCIA
1,CIENCIAS AGROPECUARIAS 
2,CIENCIAS AGROPECUARIAS 
3,CIENCIAS AGROPECUARIAS 
4,BELLAS ARTES Y DISEÑO
5,BELLAS ARTES Y DISEÑO
6,BELLAS ARTES Y DISEÑO
7,ENFERMERÍA
8,SALUD
9,MEDICINA
10,SALUD
11,SALUD
12,SALUD
13,CIENCIAS SOCIALES
14,PSICOLOGÍA
15,CIENCIAS SOCIALES
16,CIENCIAS SOCIALES
17,DERECHO
18,ECONOMÍA
19,ADMINISTRACIÓN Y AFINES
20,HUMANIDADES
21,HUMANIDADES
22,HUMANIDADES
23,HUMANIDADES
24,INGENIERÍA
25,INGENIERÍA
26,INGENIERÍA
27,INGENIERÍA
28,INGENIERÍA
29,INGENIERÍA
30,ARQUITECTURA Y URBANISMO 
31,CIENCIAS NATURALES Y EXACTAS
32,CIENCIAS NATURALES Y EXACTAS
33,CIENCIAS NATURALES Y EXACTAS
34,CIENCIAS NATURALES Y EXACTAS
35,CIENCIAS NATURALES Y EXACTAS
36,CIENCIAS NATURALES Y EXACTAS
37,SALUD
113,CIENCIAS AGROPECUARIAS 
114,ECONOMÍA
115,HUMANIDADES
116,INGENIERÍA
117,INGENIERÍA
118,INGENIERÍA
119,INGENIERÍA
120,INGENIERÍA
121,INGENIERÍA
122,INGENIERÍA
123,INGENIERÍA
124,INGENIERÍA
125,ADMINISTRACIÓN Y AFINES
126,CIENCIAS NATURALES Y EXACTAS
127,ARQUITECTURA Y URBANISMO 
128,ARQUITECTURA Y URBANISMO 
129,CIENCIAS NATURALES Y EXACTAS
143,CIENCIAS AGROPECUARIAS 
144,INGENIERÍA
146,EDUCACIÓN
147,EDUCACIÓN
149,EDUCACIÓN
150,EDUCACIÓN
151,EDUCACIÓN
153,EDUCACIÓN
154,EDUCACIÓN
155,EDUCACIÓN
156,EDUCACIÓN
157,EDUCACIÓN
158,EDUCACIÓN
159,EDUCACIÓN
175,EDUCACIÓN
176,EDUCACIÓN
177,EDUCACIÓN
178,EDUCACIÓN
180,EDUCACIÓN
181,EDUCACIÓN
182,EDUCACIÓN
188,ENFERMERÍA
189,ECONOMÍA
190,ADMINISTRACIÓN Y AFINES
191,INGENIERÍA
192,INGENIERÍA
193,INGENIERÍA
208,EDUCACIÓN
210,CIENCIAS AGROPECUARIAS 
212,ADMINISTRACIÓN Y AFINES
213,INGENIERÍA
215,INGENIERÍA
216,INGENIERÍA
217,INGENIERÍA
218,CIENCIAS NATURALES Y EXACTAS
219,EDUCACIÓN
224,BELLAS ARTES Y DISEÑO
225,EDUCACIÓN
229,EDUCACIÓN
230,ENFERMERÍA
232,CIENCIAS SOCIALES
233,DERECHO
234,ADMINISTRACIÓN Y AFINES
235,CONTADURÍA Y AFINES
236,INGENIERÍA
238,INGENIERÍA
263,EDUCACIÓN
266,EDUCACIÓN
267,MEDICINA
268,RECREACIÓN Y DEPORTES
269,INGENIERÍA
270,INGENIERÍA
271,INGENIERÍA
272,INGENIERÍA
273,ADMINISTRACIÓN Y AFINES
281,CIENCIAS AGROPECUARIAS 
282,BELLAS ARTES Y DISEÑO
283,BELLAS ARTES Y DISEÑO
284,EDUCACIÓN
288,EDUCACIÓN
289,EDUCACIÓN
290,ENFERMERÍA
291,MEDICINA
292,CIENCIAS SOCIALES
293,CIENCIAS SOCIALES
294,DERECHO
295,HUMANIDADES
296,CIENCIAS NATURALES Y EXACTAS
320,CIENCIAS AGROPECUARIAS 
321,EDUCACIÓN
325,ENFERMERÍA
326,INGENIERÍA
327,CIENCIAS AGROPECUARIAS 
337,ENFERMERÍA
338,MEDICINA
340,CONTADURÍA Y AFINES
341,INGENIERÍA
342,INGENIERÍA
343,BELLAS ARTES Y DISEÑO
347,CIENCIAS AGROPECUARIAS 
351,EDUCACIÓN
352,ADMINISTRACIÓN Y AFINES
354,ADMINISTRACIÓN Y AFINES
361,DERECHO
362,ECONOMÍA
363,ADMINISTRACIÓN Y AFINES
364,CONTADURÍA Y AFINES
365,INGENIERÍA
403,CIENCIAS AGROPECUARIAS 
404,CIENCIAS AGROPECUARIAS 
405,BELLAS ARTES Y DISEÑO
406,BELLAS ARTES Y DISEÑO
407,BELLAS ARTES Y DISEÑO
408,BELLAS ARTES Y DISEÑO
412,EDUCACIÓN
413,EDUCACIÓN
417,EDUCACIÓN
420,EDUCACIÓN
426,SALUD
427,ENFERMERÍA
429,SALUD
430,SALUD
431,CIENCIAS SOCIALES
432,"COMUNICACIÓN, PERIODISMO Y PUBLICIDAD"
434,PSICOLOGÍA
435,CIENCIAS SOCIALES
436,CIENCIAS SOCIALES
437,DERECHO
438,ECONOMÍA
439,ADMINISTRACIÓN Y AFINES
440,CONTADURÍA Y AFINES
441,HUMANIDADES
442,HUMANIDADES
444,INGENIERÍA
445,INGENIERÍA
446,INGENIERÍA
448,INGENIERÍA
450,INGENIERÍA
451,INGENIERÍA
452,CIENCIAS NATURALES Y EXACTAS
453,CIENCIAS NATURALES Y EXACTAS
454,CIENCIAS NATURALES Y EXACTAS
455,CIENCIAS NATURALES Y EXACTAS
456,SALUD
522,BELLAS ARTES Y DISEÑO
523,EDUCACIÓN
530,SALUD
531,DERECHO
532,ECONOMÍA
535,INGENIERÍA
536,INGENIERÍA
537,INGENIERÍA
538,ARQUITECTURA Y URBANISMO 
539,CIENCIAS NATURALES Y EXACTAS
551,EDUCACIÓN
555,EDUCACIÓN
557,EDUCACIÓN
559,EDUCACIÓN
565,SALUD
566,ENFERMERÍA
568,SALUD
569,SALUD
570,MEDICINA
571,SALUD
572,SALUD
573,PSICOLOGÍA
574,CIENCIAS SOCIALES
575,CIENCIAS SOCIALES
576,RECREACIÓN Y DEPORTES
577,"COMUNICACIÓN, PERIODISMO Y PUBLICIDAD"
578,CIENCIAS NATURALES Y EXACTAS
579,ECONOMÍA
580,ADMINISTRACIÓN Y AFINES
581,CONTADURÍA Y AFINES
582,INGENIERÍA
583,INGENIERÍA
584,INGENIERÍA
585,INGENIERÍA
586,INGENIERÍA
587,INGENIERÍA
588,INGENIERÍA
589,INGENIERÍA
590,INGENIERÍA
591,ARQUITECTURA Y URBANISMO 
592,CIENCIAS NATURALES Y EXACTAS
593,CIENCIAS NATURALES Y EXACTAS
594,CIENCIAS NATURALES Y EXACTAS
595,CIENCIAS NATURALES Y EXACTAS
596,CIENCIAS NATURALES Y EXACTAS
684,BELLAS ARTES Y DISEÑO
685,EDUCACIÓN
687,EDUCACIÓN
689,ENFERMERÍA
690,SALUD
691,MEDICINA
692,SALUD
693,CIENCIAS SOCIALES
694,ADMINISTRACIÓN Y AFINES
696,INGENIERÍA
697,INGENIERÍA
698,INGENIERÍA
699,INGENIERÍA
700,INGENIERÍA
701,INGENIERÍA
702,INGENIERÍA
703,INGENIERÍA
704,CIENCIAS NATURALES Y EXACTAS
705,CIENCIAS NATURALES Y EXACTAS
706,CIENCIAS NATURALES Y EXACTAS
707,CIENCIAS NATURALES Y EXACTAS
736,ENFERMERÍA
737,MEDICINA
738,SALUD
739,CIENCIAS SOCIALES
740,DERECHO
741,ECONOMÍA
742,ADMINISTRACIÓN Y AFINES
744,HUMANIDADES
745,HUMANIDADES
746,HUMANIDADES
747,INGENIERÍA
748,SALUD
757,BELLAS ARTES Y DISEÑO
773,EDUCACIÓN
777,CIENCIAS AGROPECUARIAS 
779,EDUCACIÓN
783,EDUCACIÓN
786,DERECHO
788,ADMINISTRACIÓN Y AFINES
789,INGENIERÍA
790,INGENIERÍA
791,ADMINISTRACIÓN Y AFINES
801,CIENCIAS AGROPECUARIAS 
803,EDUCACIÓN
805,EDUCACIÓN
807,ENFERMERÍA
808,ADMINISTRACIÓN Y AFINES
809,ADMINISTRACIÓN Y AFINES
810,CIENCIAS AGROPECUARIAS 
811,INGENIERÍA
827,EDUCACIÓN
829,EDUCACIÓN
831,MEDICINA
832,SALUD
833,"COMUNICACIÓN, PERIODISMO Y PUBLICIDAD"
834,CONTADURÍA Y AFINES
835,INGENIERÍA
850,EDUCACIÓN
852,ENFERMERÍA
854,CONTADURÍA Y AFINES
855,INGENIERÍA
856,INGENIERÍA
857,INGENIERÍA
862,ADMINISTRACIÓN Y AFINES
866,EDUCACIÓN
870,EDUCACIÓN
873,CIENCIAS NATURALES Y EXACTAS
882,ECONOMÍA
884,CIENCIAS AGROPECUARIAS 
885,INGENIERÍA
889,CIENCIAS AGROPECUARIAS 
898,ENFERMERÍA
902,ADMINISTRACIÓN Y AFINES
906,BELLAS ARTES Y DISEÑO
907,BELLAS ARTES Y DISEÑO
908,BELLAS ARTES Y DISEÑO
910,EDUCACIÓN
913,EDUCACIÓN
914,EDUCACIÓN
915,EDUCACIÓN
916,EDUCACIÓN
917,INGENIERÍA
918,INGENIERÍA
919,INGENIERÍA
920,INGENIERÍA
921,INGENIERÍA
925,BELLAS ARTES Y DISEÑO
926,BELLAS ARTES Y DISEÑO
933,EDUCACIÓN
935,EDUCACIÓN
937,EDUCACIÓN
943,SALUD
944,ENFERMERÍA
946,SALUD
947,SALUD
948,"COMUNICACIÓN, PERIODISMO Y PUBLICIDAD"
949,"COMUNICACIÓN, PERIODISMO Y PUBLICIDAD"
950,PSICOLOGÍA
951,DERECHO
952,ECONOMÍA
953,ADMINISTRACIÓN Y AFINES
954,CONTADURÍA Y AFINES
955,HUMANIDADES
956,HUMANIDADES
957,HUMANIDADES
958,HUMANIDADES
959,INGENIERÍA
960,INGENIERÍA
961,INGENIERÍA
962,ARQUITECTURA Y URBANISMO 
964,CIENCIAS NATURALES Y EXACTAS
965,CIENCIAS NATURALES Y EXACTAS
1039,PSICOLOGÍA
1040,ADMINISTRACIÓN Y AFINES
1041,CONTADURÍA Y AFINES
1042,INGENIERÍA
1043,INGENIERÍA
1044,INGENIERÍA
1050,EDUCACIÓN
1053,PSICOLOGÍA
1054,RECREACIÓN Y DEPORTES
1056,DERECHO
1059,INGENIERÍA
1060,INGENIERÍA
1061,INGENIERÍA
1062,INGENIERÍA
1063,CIENCIAS NATURALES Y EXACTAS
1074,EDUCACIÓN
1077,EDUCACIÓN
1078,PSICOLOGÍA
1079,CIENCIAS SOCIALES
1080,DERECHO
1081,ECONOMÍA
1082,ADMINISTRACIÓN Y AFINES
1083,CONTADURÍA Y AFINES
1084,INGENIERÍA
1085,INGENIERÍA
1086,INGENIERÍA
1097,SALUD
1098,DERECHO
1099,ECONOMÍA
1101,ADMINISTRACIÓN Y AFINES
1102,CONTADURÍA Y AFINES
1103,ARQUITECTURA Y URBANISMO 
1110,"COMUNICACIÓN, PERIODISMO Y PUBLICIDAD"
1111,CIENCIAS SOCIALES
1112,DERECHO
1113,ECONOMÍA
1114,ADMINISTRACIÓN Y AFINES
1115,ADMINISTRACIÓN Y AFINES
1116,ADMINISTRACIÓN Y AFINES
1117,CONTADURÍA Y AFINES
1143,BELLAS ARTES Y DISEÑO
1144,BELLAS ARTES Y DISEÑO
1146,"COMUNICACIÓN, PERIODISMO Y PUBLICIDAD"
1147,"COMUNICACIÓN, PERIODISMO Y PUBLICIDAD"
1148,CIENCIAS SOCIALES
1149,ECONOMÍA
1150,ADMINISTRACIÓN Y AFINES
1151,ADMINISTRACIÓN Y AFINES
1152,ADMINISTRACIÓN Y AFINES
1153,CIENCIAS AGROPECUARIAS 
1155,CONTADURÍA Y AFINES
1156,INGENIERÍA
1158,CIENCIAS NATURALES Y EXACTAS
1166,ARQUITECTURA Y URBANISMO 
1169,"COMUNICACIÓN, PERIODISMO Y PUBLICIDAD"
1170,"COMUNICACIÓN, PERIODISMO Y PUBLICIDAD"
1172,ADMINISTRACIÓN Y AFINES
1173,ADMINISTRACIÓN Y AFINES
1175,INGENIERÍA
1178,BELLAS ARTES Y DISEÑO
1179,BELLAS ARTES Y DISEÑO
1180,"COMUNICACIÓN, PERIODISMO Y PUBLICIDAD"
1192,"COMUNICACIÓN, PERIODISMO Y PUBLICIDAD"
1193,CIENCIAS SOCIALES
1195,DERECHO
1196,ADMINISTRACIÓN Y AFINES
1197,HUMANIDADES
1198,HUMANIDADES
1199,HUMANIDADES
1200,INGENIERÍA
1201,INGENIERÍA
1202,INGENIERÍA
1203,INGENIERÍA
1204,INGENIERÍA
1205,ARQUITECTURA Y URBANISMO 
1236,ENFERMERÍA
1237,"COMUNICACIÓN, PERIODISMO Y PUBLICIDAD"
1238,PSICOLOGÍA
1239,DERECHO
1240,ADMINISTRACIÓN Y AFINES
1241,INGENIERÍA
1244,ADMINISTRACIÓN Y AFINES
1245,ADMINISTRACIÓN Y AFINES
1246,CONTADURÍA Y AFINES
1247,INGENIERÍA
1248,INGENIERÍA
1249,INGENIERÍA
1250,INGENIERÍA
1251,CIENCIAS NATURALES Y EXACTAS
1267,EDUCACIÓN
1268,ENFERMERÍA
1269,MEDICINA
1270,PSICOLOGÍA
1271,DERECHO
1272,ADMINISTRACIÓN Y AFINES
1273,INGENIERÍA
1274,INGENIERÍA
1275,INGENIERÍA
1276,INGENIERÍA
1277,INGENIERÍA
1293,SALUD
1294,SALUD
1295,MEDICINA
1296,SALUD
1297,DERECHO
1298,ECONOMÍA
1299,ADMINISTRACIÓN Y AFINES
1300,HUMANIDADES
1335,INGENIERÍA
1336,INGENIERÍA
1337,INGENIERÍA
1338,INGENIERÍA
1339,ARQUITECTURA Y URBANISMO 
1340,EDUCACIÓN
1347,ECONOMÍA
1348,CONTADURÍA Y AFINES
1349,INGENIERÍA
1350,ARQUITECTURA Y URBANISMO 
1361,PSICOLOGÍA
1363,INGENIERÍA
1371,EDUCACIÓN
1372,EDUCACIÓN
1380,PSICOLOGÍA
1381,DERECHO
1383,INGENIERÍA
1384,INGENIERÍA
1385,INGENIERÍA
1386,ARQUITECTURA Y URBANISMO 
1394,ENFERMERÍA
1395,CIENCIAS SOCIALES
1396,CONTADURÍA Y AFINES
1399,PSICOLOGÍA
1402,ADMINISTRACIÓN Y AFINES
1403,CONTADURÍA Y AFINES
1409,PSICOLOGÍA
1412,INGENIERÍA
1415,INGENIERÍA
1422,DERECHO
1423,ECONOMÍA
1424,CONTADURÍA Y AFINES
1425,INGENIERÍA
1426,ARQUITECTURA Y URBANISMO 
1430,DERECHO
1431,ECONOMÍA
1432,INGENIERÍA
1433,CIENCIAS AGROPECUARIAS 
1434,CIENCIAS AGROPECUARIAS 
1435,EDUCACIÓN
1439,SALUD
1441,CIENCIAS SOCIALES
1442,ECONOMÍA
1444,CONTADURÍA Y AFINES
1445,HUMANIDADES
1446,INGENIERÍA
1447,INGENIERÍA
1448,INGENIERÍA
1450,INGENIERÍA
1451,ARQUITECTURA Y URBANISMO 
1464,ADMINISTRACIÓN Y AFINES
1466,ARQUITECTURA Y URBANISMO 
1475,DERECHO
1476,ADMINISTRACIÓN Y AFINES
1477,CONTADURÍA Y AFINES
1483,DERECHO
1485,INGENIERÍA
1492,MEDICINA
1493,DERECHO
1494,ADMINISTRACIÓN Y AFINES
1497,MEDICINA
1498,DERECHO
1499,DERECHO
1503,DERECHO
1504,CONTADURÍA Y AFINES
1512,DERECHO
1513,ECONOMÍA
1514,ADMINISTRACIÓN Y AFINES
1516,INGENIERÍA
1527,BELLAS ARTES Y DISEÑO
1529,BELLAS ARTES Y DISEÑO
1531,CIENCIAS SOCIALES
1532,PSICOLOGÍA
1533,DERECHO
1534,CIENCIAS SOCIALES
1535,ECONOMÍA
1536,ADMINISTRACIÓN Y AFINES
1537,HUMANIDADES
1538,HUMANIDADES
1539,INGENIERÍA
1540,INGENIERÍA
1541,INGENIERÍA
1542,INGENIERÍA
1543,INGENIERÍA
1544,ARQUITECTURA Y URBANISMO 
1545,CIENCIAS NATURALES Y EXACTAS
1546,CIENCIAS NATURALES Y EXACTAS
1547,CIENCIAS NATURALES Y EXACTAS
1548,CIENCIAS NATURALES Y EXACTAS
1591,ECONOMÍA
1592,CONTADURÍA Y AFINES
1595,ECONOMÍA
1596,CONTADURÍA Y AFINES
1597,INGENIERÍA
1598,ARQUITECTURA Y URBANISMO 
1605,ADMINISTRACIÓN Y AFINES
1606,CONTADURÍA Y AFINES
1607,INGENIERÍA
1614,ADMINISTRACIÓN Y AFINES
1620,CIENCIAS SOCIALES
1621,ECONOMÍA
1622,ADMINISTRACIÓN Y AFINES
1626,ADMINISTRACIÓN Y AFINES
1627,ADMINISTRACIÓN Y AFINES
1628,ADMINISTRACIÓN Y AFINES
1630,CONTADURÍA Y AFINES
1635,CONTADURÍA Y AFINES
1636,INGENIERÍA
1639,"COMUNICACIÓN, PERIODISMO Y PUBLICIDAD"
1640,DERECHO
1641,ADMINISTRACIÓN Y AFINES
1642,CONTADURÍA Y AFINES
1643,INGENIERÍA
1650,SALUD
1651,ENFERMERÍA
1652,SALUD
1653,SALUD
1654,MEDICINA
1655,SALUD
1656,SALUD
1657,PSICOLOGÍA
1658,CIENCIAS SOCIALES
1667,ADMINISTRACIÓN Y AFINES
1668,INGENIERÍA
1676,CIENCIAS SOCIALES
1687,CIENCIAS AGROPECUARIAS 
1688,ADMINISTRACIÓN Y AFINES
1689,INGENIERÍA
1690,CIENCIAS AGROPECUARIAS 
1691,EDUCACIÓN
1692,EDUCACIÓN
1693,ENFERMERÍA
1694,CIENCIAS AGROPECUARIAS 
1697,ADMINISTRACIÓN Y AFINES
1705,EDUCACIÓN
1706,ENFERMERÍA
1708,CONTADURÍA Y AFINES
1713,ADMINISTRACIÓN Y AFINES
1714,ADMINISTRACIÓN Y AFINES
1718,SALUD
1719,CIENCIAS SOCIALES
1725,SALUD
1730,ADMINISTRACIÓN Y AFINES
1731,INGENIERÍA
1735,ENFERMERÍA
1736,INGENIERÍA
1737,BELLAS ARTES Y DISEÑO
1738,BELLAS ARTES Y DISEÑO
1739,BELLAS ARTES Y DISEÑO
1741,CIENCIAS AGROPECUARIAS 
1742,INGENIERÍA
1743,EDUCACIÓN
1760,EDUCACIÓN
1762,DERECHO
1763,ADMINISTRACIÓN Y AFINES
1764,CONTADURÍA Y AFINES
1765,SALUD
1769,ENFERMERÍA
1770,ADMINISTRACIÓN Y AFINES
1771,DERECHO
1774,CONTADURÍA Y AFINES
1775,INGENIERÍA
1776,INGENIERÍA
1777,INGENIERÍA
1778,ENFERMERÍA
1779,MEDICINA
1780,SALUD
1807,MEDICINA
1813,MEDICINA
1814,SALUD
1829,SALUD
1832,EDUCACIÓN
1834,CIENCIAS SOCIALES
1836,ECONOMÍA
1837,ADMINISTRACIÓN Y AFINES
1838,PSICOLOGÍA
1846,EDUCACIÓN
1847,"COMUNICACIÓN, PERIODISMO Y PUBLICIDAD"
1853,SALUD
1854,ADMINISTRACIÓN Y AFINES
1855,INGENIERÍA
1856,INGENIERÍA
1861,CIENCIAS NATURALES Y EXACTAS
1870,DERECHO
1872,HUMANIDADES
1873,EDUCACIÓN
1874,CIENCIAS SOCIALES
1875,ADMINISTRACIÓN Y AFINES
1877,SALUD
1878,SALUD
1881,CIENCIAS AGROPECUARIAS 
1883,INGENIERÍA
1884,INGENIERÍA
1885,INGENIERÍA
1892,"COMUNICACIÓN, PERIODISMO Y PUBLICIDAD"
1893,ADMINISTRACIÓN Y AFINES
1894,CONTADURÍA Y AFINES
1895,INGENIERÍA
1914,BELLAS ARTES Y DISEÑO
1915,SALUD
1916,SALUD
1918,INGENIERÍA
1919,INGENIERÍA
1928,CIENCIAS AGROPECUARIAS 
1937,EDUCACIÓN
1942,CONTADURÍA Y AFINES
1943,INGENIERÍA
1944,INGENIERÍA
1946,INGENIERÍA
1953,ADMINISTRACIÓN Y AFINES
1956,CIENCIAS SOCIALES
1958,DERECHO
1976,INGENIERÍA
1977,ARQUITECTURA Y URBANISMO 
1980,INGENIERÍA
1981,INGENIERÍA
1982,INGENIERÍA
1983,ADMINISTRACIÓN Y AFINES
1984,INGENIERÍA
1988,INGENIERÍA
1989,ADMINISTRACIÓN Y AFINES
1991,ADMINISTRACIÓN Y AFINES
2009,ADMINISTRACIÓN Y AFINES
2016,CIENCIAS NATURALES Y EXACTAS
2034,EDUCACIÓN
2037,INGENIERÍA
2039,ADMINISTRACIÓN Y AFINES
2040,CONTADURÍA Y AFINES
2046,ADMINISTRACIÓN Y AFINES
2048,CIENCIAS AGROPECUARIAS 
2049,EDUCACIÓN
2051,ADMINISTRACIÓN Y AFINES
2052,INGENIERÍA
2053,EDUCACIÓN
2054,SALUD
2055,SALUD
2115,INGENIERÍA
2130,CIENCIAS NATURALES Y EXACTAS
2234,INGENIERÍA
2445,INGENIERÍA
2453,ADMINISTRACIÓN Y AFINES
2459,SALUD
2460,"COMUNICACIÓN, PERIODISMO Y PUBLICIDAD"
2497,BELLAS ARTES Y DISEÑO
2508,DERECHO
2512,CIENCIAS AGROPECUARIAS 
2518,MEDICINA
2519,"COMUNICACIÓN, PERIODISMO Y PUBLICIDAD"
2520,INGENIERÍA
2524,INGENIERÍA
2525,DERECHO
2526,ADMINISTRACIÓN Y AFINES
2533,PSICOLOGÍA
2534,DERECHO
2535,ADMINISTRACIÓN Y AFINES
2536,INGENIERÍA
2537,INGENIERÍA
2539,"COMUNICACIÓN, PERIODISMO Y PUBLICIDAD"
2540,CONTADURÍA Y AFINES
2541,INGENIERÍA
2542,ENFERMERÍA
2543,INGENIERÍA
2549,MEDICINA
2555,INGENIERÍA
2561,ADMINISTRACIÓN Y AFINES
2562,CONTADURÍA Y AFINES
2563,INGENIERÍA
2564,INGENIERÍA
2566,INGENIERÍA
2572,DERECHO
2579,"COMUNICACIÓN, PERIODISMO Y PUBLICIDAD"
2611,EDUCACIÓN
2612,INGENIERÍA
2616,BELLAS ARTES Y DISEÑO
2618,"COMUNICACIÓN, PERIODISMO Y PUBLICIDAD"
2621,INGENIERÍA
2623,ECONOMÍA
2633,INGENIERÍA
2634,INGENIERÍA
2636,ADMINISTRACIÓN Y AFINES
2648,ADMINISTRACIÓN Y AFINES
2652,"COMUNICACIÓN, PERIODISMO Y PUBLICIDAD"
2653,ADMINISTRACIÓN Y AFINES
2671,BELLAS ARTES Y DISEÑO
2683,MEDICINA
2689,PSICOLOGÍA
2690,CIENCIAS SOCIALES
2692,PSICOLOGÍA
2693,DERECHO
2715,EDUCACIÓN
2718,EDUCACIÓN
2721,DERECHO
2722,DERECHO
2723,DERECHO
2729,CONTADURÍA Y AFINES
2730,CIENCIAS NATURALES Y EXACTAS
2731,"COMUNICACIÓN, PERIODISMO Y PUBLICIDAD"
2746,ECONOMÍA
2754,ADMINISTRACIÓN Y AFINES
2759,EDUCACIÓN
2760,INGENIERÍA
2761,CIENCIAS NATURALES Y EXACTAS
2762,CIENCIAS NATURALES Y EXACTAS
2767,SALUD
2776,INGENIERÍA
2777,CIENCIAS NATURALES Y EXACTAS
2779,CIENCIAS AGROPECUARIAS 
2784,INGENIERÍA
2806,BELLAS ARTES Y DISEÑO
2807,SALUD
2821,PSICOLOGÍA
2825,INGENIERÍA
2826,PSICOLOGÍA
2829,PSICOLOGÍA
2830,CIENCIAS NATURALES Y EXACTAS
2831,ADMINISTRACIÓN Y AFINES
2842,CIENCIAS NATURALES Y EXACTAS
2850,INGENIERÍA
2858,INGENIERÍA
2861,ADMINISTRACIÓN Y AFINES
2866,INGENIERÍA
2887,CIENCIAS AGROPECUARIAS 
2888,BELLAS ARTES Y DISEÑO
2889,INGENIERÍA
2890,INGENIERÍA
2891,INGENIERÍA
2901,INGENIERÍA
2914,ADMINISTRACIÓN Y AFINES
2922,BELLAS ARTES Y DISEÑO
2923,INGENIERÍA
2929,INGENIERÍA
2935,BELLAS ARTES Y DISEÑO
2937,INGENIERÍA
2938,INGENIERÍA
2964,ADMINISTRACIÓN Y AFINES
2966,INGENIERÍA
2971,INGENIERÍA
2972,EDUCACIÓN
2989,DERECHO
2992,INGENIERÍA
2993,INGENIERÍA
2995,CIENCIAS NATURALES Y EXACTAS
2998,CONTADURÍA Y AFINES
3020,PSICOLOGÍA
3026,INGENIERÍA
3040,ADMINISTRACIÓN Y AFINES
3048,CIENCIAS NATURALES Y EXACTAS
3053,INGENIERÍA
3054,"COMUNICACIÓN, PERIODISMO Y PUBLICIDAD"
3055,ADMINISTRACIÓN Y AFINES
3078,CIENCIAS SOCIALES
3079,INGENIERÍA
3087,PSICOLOGÍA
3098,EDUCACIÓN
3100,BELLAS ARTES Y DISEÑO
3101,BELLAS ARTES Y DISEÑO
3102,SALUD
3103,CIENCIAS SOCIALES
3104,CIENCIAS AGROPECUARIAS 
3109,"COMUNICACIÓN, PERIODISMO Y PUBLICIDAD"
3127,INGENIERÍA
3128,INGENIERÍA
3134,INGENIERÍA
3136,"COMUNICACIÓN, PERIODISMO Y PUBLICIDAD"
3137,CIENCIAS NATURALES Y EXACTAS
3139,INGENIERÍA
3140,CIENCIAS SOCIALES
3141,ECONOMÍA
3147,INGENIERÍA
3149,RECREACIÓN Y DEPORTES
3165,ADMINISTRACIÓN Y AFINES
3167,ADMINISTRACIÓN Y AFINES
3173,EDUCACIÓN
3177,DERECHO
3182,ECONOMÍA
3190,CONTADURÍA Y AFINES
3193,INGENIERÍA
3203,INGENIERÍA
3204,INGENIERÍA
3205,ADMINISTRACIÓN Y AFINES
3229,ECONOMÍA
3237,INGENIERÍA
3251,CIENCIAS AGROPECUARIAS 
3252,CONTADURÍA Y AFINES
3254,DERECHO
3255,DERECHO
3267,SALUD
3269,INGENIERÍA
3271,"COMUNICACIÓN, PERIODISMO Y PUBLICIDAD"
3274,PSICOLOGÍA
3275,SALUD
3290,EDUCACIÓN
3306,SALUD
3312,EDUCACIÓN
3315,CIENCIAS NATURALES Y EXACTAS
3318,CIENCIAS SOCIALES
3319,CIENCIAS SOCIALES
3345,CIENCIAS NATURALES Y EXACTAS
3347,INGENIERÍA
3348,INGENIERÍA
3425,"COMUNICACIÓN, PERIODISMO Y PUBLICIDAD"
3426,CIENCIAS NATURALES Y EXACTAS
3431,ADMINISTRACIÓN Y AFINES
3435,SALUD
3436,SALUD
3437,CONTADURÍA Y AFINES
3439,SALUD
3474,INGENIERÍA
3483,INGENIERÍA
3488,MEDICINA
3489,ENFERMERÍA
3518,"COMUNICACIÓN, PERIODISMO Y PUBLICIDAD"
3521,INGENIERÍA
3527,ADMINISTRACIÓN Y AFINES
3529,MEDICINA
3549,INGENIERÍA
3554,CIENCIAS AGROPECUARIAS 
3560,CIENCIAS NATURALES Y EXACTAS
3563,SALUD
3568,BELLAS ARTES Y DISEÑO
3571,ADMINISTRACIÓN Y AFINES
3573,ENFERMERÍA
3602,ECONOMÍA
3607,CIENCIAS AGROPECUARIAS 
3608,CIENCIAS NATURALES Y EXACTAS
3612,SALUD
3615,ARQUITECTURA Y URBANISMO 
3617,INGENIERÍA
3618,INGENIERÍA
3636,CIENCIAS NATURALES Y EXACTAS
3638,"COMUNICACIÓN, PERIODISMO Y PUBLICIDAD"
3642,ARQUITECTURA Y URBANISMO 
3643,INGENIERÍA
3661,ADMINISTRACIÓN Y AFINES
3662,INGENIERÍA
3678,INGENIERÍA
3679,PSICOLOGÍA
3680,ENFERMERÍA
3684,INGENIERÍA
3685,INGENIERÍA
3687,PSICOLOGÍA
3689,INGENIERÍA
3695,INGENIERÍA
3697,INGENIERÍA
3699,INGENIERÍA
3701,EDUCACIÓN
3707,CIENCIAS SOCIALES
3709,INGENIERÍA
3723,EDUCACIÓN
3725,ARQUITECTURA Y URBANISMO 
3728,ADMINISTRACIÓN Y AFINES
3729,RECREACIÓN Y DEPORTES
3731,INGENIERÍA
3778,BELLAS ARTES Y DISEÑO
3788,SALUD
3789,SALUD
3790,SALUD
3801,EDUCACIÓN
3802,PSICOLOGÍA
3827,INGENIERÍA
3828,INGENIERÍA
3830,INGENIERÍA
3831,INGENIERÍA
3833,INGENIERÍA
3835,DERECHO
3843,SALUD
3849,ADMINISTRACIÓN Y AFINES
3852,ADMINISTRACIÓN Y AFINES
3853,SALUD
3854,INGENIERÍA
3855,DERECHO
3888,PSICOLOGÍA
3904,INGENIERÍA
3905,INGENIERÍA
3918,HUMANIDADES
3926,MEDICINA
3928,PSICOLOGÍA
3929,INGENIERÍA
3938,"COMUNICACIÓN, PERIODISMO Y PUBLICIDAD"
3961,EDUCACIÓN
3965,EDUCACIÓN
4000,MEDICINA
4010,CIENCIAS NATURALES Y EXACTAS
4017,INGENIERÍA
4019,INGENIERÍA
4035,PSICOLOGÍA
4036,PSICOLOGÍA
4041,SALUD
4045,CONTADURÍA Y AFINES
4057,ADMINISTRACIÓN Y AFINES
4064,PSICOLOGÍA
4065,ADMINISTRACIÓN Y AFINES
4066,SALUD
4067,SALUD
4068,SALUD
4069,SALUD
4071,SALUD
4072,INGENIERÍA
4073,ECONOMÍA
4074,HUMANIDADES
4078,CIENCIAS NATURALES Y EXACTAS
4080,CIENCIAS SOCIALES
4083,INGENIERÍA
4084,INGENIERÍA
4086,INGENIERÍA
4087,INGENIERÍA
4088,INGENIERÍA
4090,INGENIERÍA
4092,ARQUITECTURA Y URBANISMO 
4093,CIENCIAS NATURALES Y EXACTAS
4095,BELLAS ARTES Y DISEÑO
4096,BELLAS ARTES Y DISEÑO
4099,EDUCACIÓN
4112,INGENIERÍA
4113,INGENIERÍA
4114,"COMUNICACIÓN, PERIODISMO Y PUBLICIDAD"
4115,"COMUNICACIÓN, PERIODISMO Y PUBLICIDAD"
4118,INGENIERÍA
4120,ADMINISTRACIÓN Y AFINES
4121,INGENIERÍA
4122,INGENIERÍA
4123,INGENIERÍA
4124,INGENIERÍA
4125,INGENIERÍA
4126,ARQUITECTURA Y URBANISMO 
4144,ADMINISTRACIÓN Y AFINES
4148,"COMUNICACIÓN, PERIODISMO Y PUBLICIDAD"
4154,RECREACIÓN Y DEPORTES
4157,INGENIERÍA
4158,"COMUNICACIÓN, PERIODISMO Y PUBLICIDAD"
4159,INGENIERÍA
4160,ADMINISTRACIÓN Y AFINES
4164,INGENIERÍA
4167,INGENIERÍA
4169,INGENIERÍA
4175,ADMINISTRACIÓN Y AFINES
4176,ENFERMERÍA
4206,CIENCIAS AGROPECUARIAS 
4208,INGENIERÍA
4209,BELLAS ARTES Y DISEÑO
4229,INGENIERÍA
4230,INGENIERÍA
4239,CIENCIAS SOCIALES
4240,INGENIERÍA
4241,INGENIERÍA
4245,CIENCIAS AGROPECUARIAS 
4247,CIENCIAS SOCIALES
4254,CIENCIAS MILITARES Y NAVALES
4255,INGENIERÍA
4261,EDUCACIÓN
4282,INGENIERÍA
4292,PSICOLOGÍA
4293,ADMINISTRACIÓN Y AFINES
4312,INGENIERÍA
4318,INGENIERÍA
4319,INGENIERÍA
4322,PSICOLOGÍA
4336,CIENCIAS AGROPECUARIAS 
4338,CIENCIAS AGROPECUARIAS 
4340,SALUD
4343,BELLAS ARTES Y DISEÑO
4345,INGENIERÍA
4347,EDUCACIÓN
4349,INGENIERÍA
4350,INGENIERÍA
4354,DERECHO
4355,DERECHO
4356,CIENCIAS AGROPECUARIAS 
4361,INGENIERÍA
4368,CIENCIAS SOCIALES
4378,EDUCACIÓN
4382,INGENIERÍA
4389,ARQUITECTURA Y URBANISMO 
4400,INGENIERÍA
4405,INGENIERÍA
4438,EDUCACIÓN
4442,ENFERMERÍA
4443,CIENCIAS AGROPECUARIAS 
4448,SALUD
4450,EDUCACIÓN
4458,"COMUNICACIÓN, PERIODISMO Y PUBLICIDAD"
4465,CIENCIAS AGROPECUARIAS 
4466,INGENIERÍA
4467,DERECHO
4481,PSICOLOGÍA
4489,INGENIERÍA
4492,CIENCIAS NATURALES Y EXACTAS
4493,CIENCIAS SOCIALES
4498,INGENIERÍA
4516,EDUCACIÓN
4541,EDUCACIÓN
4549,EDUCACIÓN
4565,CONTADURÍA Y AFINES
4627,INGENIERÍA
4631,SALUD
4633,SALUD
4634,CIENCIAS NATURALES Y EXACTAS
4674,ADMINISTRACIÓN Y AFINES
4678,ADMINISTRACIÓN Y AFINES
4687,ADMINISTRACIÓN Y AFINES
4688,CONTADURÍA Y AFINES
4689,INGENIERÍA
4690,INGENIERÍA
4709,INGENIERÍA
4753,CIENCIAS SOCIALES
4768,CIENCIAS AGROPECUARIAS 
4770,ADMINISTRACIÓN Y AFINES
4783,MEDICINA
4797,INGENIERÍA
4803,PSICOLOGÍA
4814,ARQUITECTURA Y URBANISMO 
4822,"COMUNICACIÓN, PERIODISMO Y PUBLICIDAD"
4827,INGENIERÍA
4828,INGENIERÍA
4830,INGENIERÍA
4832,ENFERMERÍA
4863,CIENCIAS SOCIALES
4876,BELLAS ARTES Y DISEÑO
4879,INGENIERÍA
4899,PSICOLOGÍA
4902,INGENIERÍA
4911,MEDICINA
4925,ADMINISTRACIÓN Y AFINES
4940,INGENIERÍA
4948,HUMANIDADES
4950,INGENIERÍA
4952,INGENIERÍA
4953,INGENIERÍA
4959,BELLAS ARTES Y DISEÑO
4963,BELLAS ARTES Y DISEÑO
4978,INGENIERÍA
4981,CIENCIAS NATURALES Y EXACTAS
4995,INGENIERÍA
5000,INGENIERÍA
5002,DERECHO
5004,INGENIERÍA
5006,EDUCACIÓN
5019,ENFERMERÍA
5022,INGENIERÍA
5023,INGENIERÍA
5028,INGENIERÍA
5037,"COMUNICACIÓN, PERIODISMO Y PUBLICIDAD"
5045,ADMINISTRACIÓN Y AFINES
5063,INGENIERÍA
5064,INGENIERÍA
5091,ADMINISTRACIÓN Y AFINES
5093,INGENIERÍA
5094,ADMINISTRACIÓN Y AFINES
5095,INGENIERÍA
5097,INGENIERÍA
5098,ENFERMERÍA
5100,INGENIERÍA
5110,DERECHO
5114,DERECHO
5116,MEDICINA
5129,CIENCIAS AGROPECUARIAS 
5131,PSICOLOGÍA
5132,PSICOLOGÍA
5134,"COMUNICACIÓN, PERIODISMO Y PUBLICIDAD"
5223,PSICOLOGÍA
5243,INGENIERÍA
5244,ADMINISTRACIÓN Y AFINES
5268,SALUD
5269,SALUD
5284,BELLAS ARTES Y DISEÑO
5305,SALUD
5306,SALUD
5314,INGENIERÍA
5315,CIENCIAS NATURALES Y EXACTAS
5319,BELLAS ARTES Y DISEÑO
5369,PSICOLOGÍA
5370,ADMINISTRACIÓN Y AFINES
5371,CONTADURÍA Y AFINES
5373,DERECHO
5376,PSICOLOGÍA
5377,INGENIERÍA
5379,SALUD
5381,SALUD
5382,SALUD
5383,SALUD
5384,SALUD
5385,ADMINISTRACIÓN Y AFINES
5390,PSICOLOGÍA
5391,CONTADURÍA Y AFINES
5394,CONTADURÍA Y AFINES
5406,PSICOLOGÍA
5407,PSICOLOGÍA
5408,DERECHO
5415,MEDICINA
5427,ADMINISTRACIÓN Y AFINES
5428,INGENIERÍA
5456,ARQUITECTURA Y URBANISMO 
5461,"COMUNICACIÓN, PERIODISMO Y PUBLICIDAD"
5484,ENFERMERÍA
5499,CIENCIAS AGROPECUARIAS 
5505,"COMUNICACIÓN, PERIODISMO Y PUBLICIDAD"
5506,ADMINISTRACIÓN Y AFINES
5519,ADMINISTRACIÓN Y AFINES
5528,ARQUITECTURA Y URBANISMO 
5529,ARQUITECTURA Y URBANISMO 
5530,INGENIERÍA
5536,ADMINISTRACIÓN Y AFINES
5539,ARQUITECTURA Y URBANISMO 
5541,ARQUITECTURA Y URBANISMO 
5542,ARQUITECTURA Y URBANISMO 
5544,ADMINISTRACIÓN Y AFINES
5545,ADMINISTRACIÓN Y AFINES
5550,ADMINISTRACIÓN Y AFINES
5577,CONTADURÍA Y AFINES
5579,ADMINISTRACIÓN Y AFINES
5580,ADMINISTRACIÓN Y AFINES
5595,ADMINISTRACIÓN Y AFINES
5608,INGENIERÍA
5609,CONTADURÍA Y AFINES
5621,MEDICINA
5731,INGENIERÍA
5795,ADMINISTRACIÓN Y AFINES
5798,CONTADURÍA Y AFINES
5814,SALUD
5816,SALUD
5923,ADMINISTRACIÓN Y AFINES
5924,CONTADURÍA Y AFINES
5961,INGENIERÍA
5983,INGENIERÍA
5985,INGENIERÍA
6008,ADMINISTRACIÓN Y AFINES
6011,ADMINISTRACIÓN Y AFINES
6012,ADMINISTRACIÓN Y AFINES
6062,INGENIERÍA
6065,INGENIERÍA
6067,INGENIERÍA
6081,INGENIERÍA
6082,INGENIERÍA
6083,INGENIERÍA
6084,INGENIERÍA
6088,INGENIERÍA
6176,MEDICINA
6182,SALUD
6183,SALUD
6184,SALUD
6185,SALUD
6186,SALUD
6187,SALUD
6188,SALUD
6190,INGENIERÍA
6194,DERECHO
6195,CONTADURÍA Y AFINES
6243,BELLAS ARTES Y DISEÑO
6244,SALUD
6294,ADMINISTRACIÓN Y AFINES
6357,INGENIERÍA
6358,CONTADURÍA Y AFINES
6359,ADMINISTRACIÓN Y AFINES
6410,INGENIERÍA
6506,INGENIERÍA
6525,ECONOMÍA
6527,ADMINISTRACIÓN Y AFINES
6544,INGENIERÍA
6564,INGENIERÍA
6566,CIENCIAS AGROPECUARIAS 
6574,CIENCIAS AGROPECUARIAS 
6575,MEDICINA
6591,ECONOMÍA
6632,ADMINISTRACIÓN Y AFINES
6644,INGENIERÍA
6646,ENFERMERÍA
6647,INGENIERÍA
6658,CIENCIAS AGROPECUARIAS 
6660,SALUD
6664,SALUD
6686,SALUD
6687,PSICOLOGÍA
6699,"COMUNICACIÓN, PERIODISMO Y PUBLICIDAD"
6710,INGENIERÍA
6726,ADMINISTRACIÓN Y AFINES
6756,CONTADURÍA Y AFINES
6827,ADMINISTRACIÓN Y AFINES
7073,ADMINISTRACIÓN Y AFINES
7093,ECONOMÍA
7094,INGENIERÍA
7095,INGENIERÍA
7108,ARQUITECTURA Y URBANISMO 
7112,INGENIERÍA
7113,BELLAS ARTES Y DISEÑO
7126,INGENIERÍA
7150,ADMINISTRACIÓN Y AFINES
7171,CIENCIAS AGROPECUARIAS 
7198,INGENIERÍA
7214,CIENCIAS AGROPECUARIAS 
7215,RECREACIÓN Y DEPORTES
7227,DERECHO
7234,INGENIERÍA
7238,MEDICINA
7245,CIENCIAS SOCIALES
7246,DERECHO
7247,INGENIERÍA
7255,ADMINISTRACIÓN Y AFINES
7258,HUMANIDADES
7286,DERECHO
7306,SALUD
7309,MEDICINA
7322,MEDICINA
7348,ADMINISTRACIÓN Y AFINES
7349,CIENCIAS NATURALES Y EXACTAS
7351,"COMUNICACIÓN, PERIODISMO Y PUBLICIDAD"
7400,SALUD
7403,INGENIERÍA
7404,INGENIERÍA
7405,SALUD
7406,ENFERMERÍA
7446,INGENIERÍA
7470,ADMINISTRACIÓN Y AFINES
7511,INGENIERÍA
7518,CONTADURÍA Y AFINES
7519,INGENIERÍA
7520,INGENIERÍA
7543,CONTADURÍA Y AFINES
7561,INGENIERÍA
7567,INGENIERÍA
7570,INGENIERÍA
7571,INGENIERÍA
7620,CONTADURÍA Y AFINES
7731,INGENIERÍA
7741,INGENIERÍA
7745,INGENIERÍA
7750,INGENIERÍA
7772,INGENIERÍA
7773,INGENIERÍA
7777,INGENIERÍA
7791,EDUCACIÓN
7800,DERECHO
7821,INGENIERÍA
7822,CIENCIAS NATURALES Y EXACTAS
7824,INGENIERÍA
7856,INGENIERÍA
7874,"COMUNICACIÓN, PERIODISMO Y PUBLICIDAD"
7915,INGENIERÍA
7943,CIENCIAS NATURALES Y EXACTAS
7945,SALUD
7950,ENFERMERÍA
8015,SALUD
8025,ARQUITECTURA Y URBANISMO 
8026,SALUD
8042,"COMUNICACIÓN, PERIODISMO Y PUBLICIDAD"
8043,BELLAS ARTES Y DISEÑO
8085,ARQUITECTURA Y URBANISMO 
8091,SALUD
8093,SALUD
8100,CIENCIAS NATURALES Y EXACTAS
8105,CIENCIAS NATURALES Y EXACTAS
8114,INGENIERÍA
8120,BELLAS ARTES Y DISEÑO
8167,HUMANIDADES
8170,"COMUNICACIÓN, PERIODISMO Y PUBLICIDAD"
8182,ADMINISTRACIÓN Y AFINES
8189,INGENIERÍA
8198,INGENIERÍA
8207,INGENIERÍA
8241,DERECHO
8255,ECONOMÍA
8345,DERECHO
8359,ADMINISTRACIÓN Y AFINES
8380,DERECHO
8410,CONTADURÍA Y AFINES
8413,ADMINISTRACIÓN Y AFINES
8441,ECONOMÍA
8444,CIENCIAS NATURALES Y EXACTAS
8453,BELLAS ARTES Y DISEÑO
8455,BELLAS ARTES Y DISEÑO
8460,HUMANIDADES
8470,SALUD
8559,ENFERMERÍA
8562,PSICOLOGÍA
8622,ADMINISTRACIÓN Y AFINES
8630,DERECHO
8690,ADMINISTRACIÓN Y AFINES
8704,INGENIERÍA
8742,INGENIERÍA
8863,INGENIERÍA
8893,DERECHO
8894,DERECHO
8895,DERECHO
8903,CIENCIAS AGROPECUARIAS 
8922,CONTADURÍA Y AFINES
8923,DERECHO
8939,DERECHO
8958,"COMUNICACIÓN, PERIODISMO Y PUBLICIDAD"
8966,CONTADURÍA Y AFINES
8967,INGENIERÍA
8971,CONTADURÍA Y AFINES
8973,INGENIERÍA
8990,SALUD
8995,SALUD
9001,DERECHO
9011,"COMUNICACIÓN, PERIODISMO Y PUBLICIDAD"
9017,ADMINISTRACIÓN Y AFINES
9105,INGENIERÍA
9107,INGENIERÍA
9113,INGENIERÍA
9120,ADMINISTRACIÓN Y AFINES
9144,DERECHO
9225,HUMANIDADES
9245,INGENIERÍA
9252,INGENIERÍA
9254,RECREACIÓN Y DEPORTES
9278,EDUCACIÓN
9312,CONTADURÍA Y AFINES
9335,"COMUNICACIÓN, PERIODISMO Y PUBLICIDAD"
9362,INGENIERÍA
9363,HUMANIDADES
9376,ADMINISTRACIÓN Y AFINES
9379,INGENIERÍA
9385,ARQUITECTURA Y URBANISMO 
9395,DERECHO
9399,BELLAS ARTES Y DISEÑO
9426,SALUD
9440,"COMUNICACIÓN, PERIODISMO Y PUBLICIDAD"
9451,DERECHO
9480,CIENCIAS SOCIALES
9486,CIENCIAS MILITARES Y NAVALES
9487,CIENCIAS MILITARES Y NAVALES
9488,CIENCIAS MILITARES Y NAVALES
9491,ADMINISTRACIÓN Y AFINES
9502,INGENIERÍA
9503,ADMINISTRACIÓN Y AFINES
9513,INGENIERÍA
9517,ADMINISTRACIÓN Y AFINES
9528,INGENIERÍA
9547,BELLAS ARTES Y DISEÑO
9548,BELLAS ARTES Y DISEÑO
9570,EDUCACIÓN
9571,EDUCACIÓN
9580,ADMINISTRACIÓN Y AFINES
9672,SALUD
9686,CIENCIAS SOCIALES
9687,CIENCIAS SOCIALES
9689,CIENCIAS SOCIALES
9691,HUMANIDADES
9693,HUMANIDADES
9717,INGENIERÍA
9727,INGENIERÍA
9761,CIENCIAS NATURALES Y EXACTAS
9766,INGENIERÍA
9806,INGENIERÍA
9809,ADMINISTRACIÓN Y AFINES
9818,INGENIERÍA
9829,INGENIERÍA
9833,INGENIERÍA
9839,INGENIERÍA
9853,INGENIERÍA
9869,CIENCIAS AGROPECUARIAS 
9877,INGENIERÍA
9882,ECONOMÍA
9888,ARQUITECTURA Y URBANISMO 
9897,BELLAS ARTES Y DISEÑO
9899,INGENIERÍA
9915,BELLAS ARTES Y DISEÑO
9942,INGENIERÍA
9963,INGENIERÍA
9968,SALUD
9980,ECONOMÍA
9991,ADMINISTRACIÓN Y AFINES
10036,INGENIERÍA
10052,INGENIERÍA
10059,MEDICINA
10062,ENFERMERÍA
10064,BELLAS ARTES Y DISEÑO
10093,CONTADURÍA Y AFINES
10103,SALUD
10111,INGENIERÍA
10149,INGENIERÍA
10159,CONTADURÍA Y AFINES
10163,CIENCIAS MILITARES Y NAVALES
10164,PSICOLOGÍA
10191,ADMINISTRACIÓN Y AFINES
10192,EDUCACIÓN
10213,DERECHO
10223,CIENCIAS NATURALES Y EXACTAS
10228,INGENIERÍA
10233,ECONOMÍA
10252,CONTADURÍA Y AFINES
10264,EDUCACIÓN
10276,EDUCACIÓN
10282,EDUCACIÓN
10286,PSICOLOGÍA
10305,INGENIERÍA
10333,INGENIERÍA
10339,"COMUNICACIÓN, PERIODISMO Y PUBLICIDAD"
10355,EDUCACIÓN
10358,EDUCACIÓN
10359,EDUCACIÓN
10380,ADMINISTRACIÓN Y AFINES
10401,EDUCACIÓN
10416,DERECHO
10420,EDUCACIÓN
10438,ADMINISTRACIÓN Y AFINES
10462,EDUCACIÓN
10463,EDUCACIÓN
10464,EDUCACIÓN
10471,EDUCACIÓN
10472,EDUCACIÓN
10473,EDUCACIÓN
10475,EDUCACIÓN
10476,EDUCACIÓN
10480,EDUCACIÓN
10484,EDUCACIÓN
10495,EDUCACIÓN
10522,CIENCIAS NATURALES Y EXACTAS
10528,BELLAS ARTES Y DISEÑO
10533,DERECHO
10547,ECONOMÍA
10550,EDUCACIÓN
10554,DERECHO
10555,INGENIERÍA
10561,INGENIERÍA
10569,CONTADURÍA Y AFINES
10571,ADMINISTRACIÓN Y AFINES
10574,ADMINISTRACIÓN Y AFINES
10578,INGENIERÍA
10587,INGENIERÍA
10611,CIENCIAS SOCIALES
10614,CIENCIAS NATURALES Y EXACTAS
10615,INGENIERÍA
10625,INGENIERÍA
10658,EDUCACIÓN
10667,EDUCACIÓN
10672,EDUCACIÓN
10688,DERECHO
10737,EDUCACIÓN
10748,EDUCACIÓN
10750,EDUCACIÓN
10753,EDUCACIÓN
10754,EDUCACIÓN
10755,EDUCACIÓN
10766,INGENIERÍA
10776,EDUCACIÓN
10784,EDUCACIÓN
10793,EDUCACIÓN
10798,EDUCACIÓN
10799,EDUCACIÓN
10829,DERECHO
10835,EDUCACIÓN
10839,CIENCIAS SOCIALES
10841,EDUCACIÓN
10851,BELLAS ARTES Y DISEÑO
10852,BELLAS ARTES Y DISEÑO
10862,ADMINISTRACIÓN Y AFINES
10872,ADMINISTRACIÓN Y AFINES
10880,EDUCACIÓN
10883,EDUCACIÓN
10886,EDUCACIÓN
10903,ADMINISTRACIÓN Y AFINES
10922,EDUCACIÓN
10923,CIENCIAS AGROPECUARIAS 
10955,CIENCIAS SOCIALES
10963,CIENCIAS SOCIALES
10969,CONTADURÍA Y AFINES
10977,CONTADURÍA Y AFINES
10980,ADMINISTRACIÓN Y AFINES
10993,BELLAS ARTES Y DISEÑO
10995,INGENIERÍA
11001,ADMINISTRACIÓN Y AFINES
11004,INGENIERÍA
11058,ADMINISTRACIÓN Y AFINES
11067,BELLAS ARTES Y DISEÑO
11070,HUMANIDADES
11102,ADMINISTRACIÓN Y AFINES
11123,ADMINISTRACIÓN Y AFINES
11128,"COMUNICACIÓN, PERIODISMO Y PUBLICIDAD"
11185,CIENCIAS NATURALES Y EXACTAS
11203,CIENCIAS NATURALES Y EXACTAS
11212,DERECHO
11221,INGENIERÍA
11239,EDUCACIÓN
11247,ADMINISTRACIÓN Y AFINES
11255,ADMINISTRACIÓN Y AFINES
11268,INGENIERÍA
11274,ADMINISTRACIÓN Y AFINES
11278,CIENCIAS SOCIALES
11301,CONTADURÍA Y AFINES
11302,MEDICINA
11305,CIENCIAS NATURALES Y EXACTAS
11323,EDUCACIÓN
11330,EDUCACIÓN
11334,EDUCACIÓN
11335,EDUCACIÓN
11347,EDUCACIÓN
11348,EDUCACIÓN
11358,EDUCACIÓN
11363,CIENCIAS SOCIALES
11374,HUMANIDADES
11379,DERECHO
11396,ARQUITECTURA Y URBANISMO 
11407,EDUCACIÓN
11409,EDUCACIÓN
11410,EDUCACIÓN
11417,HUMANIDADES
11420,EDUCACIÓN
11428,CONTADURÍA Y AFINES
11437,MEDICINA
11443,SALUD
11452,ADMINISTRACIÓN Y AFINES
11455,INGENIERÍA
11459,EDUCACIÓN
11460,DERECHO
11473,MEDICINA
11485,CIENCIAS SOCIALES
11489,INGENIERÍA
11498,CIENCIAS NATURALES Y EXACTAS
11505,DERECHO
11519,EDUCACIÓN
11529,DERECHO
11577,SALUD
11578,SALUD
11584,INGENIERÍA
11588,CONTADURÍA Y AFINES
11604,EDUCACIÓN
11632,INGENIERÍA
11648,CIENCIAS SOCIALES
11656,CONTADURÍA Y AFINES
11699,MEDICINA
11716,CONTADURÍA Y AFINES
11734,EDUCACIÓN
11737,CIENCIAS SOCIALES
11750,EDUCACIÓN
11755,EDUCACIÓN
11805,PSICOLOGÍA
11807,PSICOLOGÍA
11815,CONTADURÍA Y AFINES
11817,CONTADURÍA Y AFINES
11818,CONTADURÍA Y AFINES
11820,CONTADURÍA Y AFINES
11822,CONTADURÍA Y AFINES
11835,CONTADURÍA Y AFINES
11845,INGENIERÍA
11846,INGENIERÍA
11874,INGENIERÍA
11879,INGENIERÍA
11880,PSICOLOGÍA
11882,INGENIERÍA
11911,CIENCIAS SOCIALES
11916,BELLAS ARTES Y DISEÑO
11917,BELLAS ARTES Y DISEÑO
11918,BELLAS ARTES Y DISEÑO
11925,BELLAS ARTES Y DISEÑO
11927,HUMANIDADES
11942,EDUCACIÓN
11945,EDUCACIÓN
11950,PSICOLOGÍA
11952,PSICOLOGÍA
11958,CONTADURÍA Y AFINES
11967,HUMANIDADES
11971,HUMANIDADES
11975,HUMANIDADES
11982,"COMUNICACIÓN, PERIODISMO Y PUBLICIDAD"
11993,INGENIERÍA
11994,DERECHO
12002,PSICOLOGÍA
12006,PSICOLOGÍA
12008,ADMINISTRACIÓN Y AFINES
12019,ADMINISTRACIÓN Y AFINES
12044,CIENCIAS SOCIALES
12046,PSICOLOGÍA
12048,CIENCIAS SOCIALES
12049,PSICOLOGÍA
12050,PSICOLOGÍA
12071,PSICOLOGÍA
12073,PSICOLOGÍA
12075,CIENCIAS SOCIALES
12092,EDUCACIÓN
12093,EDUCACIÓN
12094,EDUCACIÓN
12101,EDUCACIÓN
12102,EDUCACIÓN
12145,EDUCACIÓN
12159,BELLAS ARTES Y DISEÑO
12167,EDUCACIÓN
12168,EDUCACIÓN
12170,EDUCACIÓN
12182,"COMUNICACIÓN, PERIODISMO Y PUBLICIDAD"
12215,ADMINISTRACIÓN Y AFINES
12223,EDUCACIÓN
12226,EDUCACIÓN
12260,CIENCIAS NATURALES Y EXACTAS
12282,BELLAS ARTES Y DISEÑO
12287,EDUCACIÓN
12320,INGENIERÍA
12333,CIENCIAS NATURALES Y EXACTAS
12340,DERECHO
12376,ADMINISTRACIÓN Y AFINES
12391,INGENIERÍA
12393,INGENIERÍA
12398,INGENIERÍA
12426,CONTADURÍA Y AFINES
12430,EDUCACIÓN
12448,ADMINISTRACIÓN Y AFINES
12449,ADMINISTRACIÓN Y AFINES
12455,CONTADURÍA Y AFINES
12492,ADMINISTRACIÓN Y AFINES
12493,ADMINISTRACIÓN Y AFINES
12495,ADMINISTRACIÓN Y AFINES
12497,ADMINISTRACIÓN Y AFINES
12499,ADMINISTRACIÓN Y AFINES
12500,CONTADURÍA Y AFINES
12501,CONTADURÍA Y AFINES
12503,CONTADURÍA Y AFINES
12504,ADMINISTRACIÓN Y AFINES
12505,CONTADURÍA Y AFINES
12506,CONTADURÍA Y AFINES
12507,ADMINISTRACIÓN Y AFINES
12508,CONTADURÍA Y AFINES
12509,INGENIERÍA
12511,INGENIERÍA
12526,PSICOLOGÍA
12533,CIENCIAS SOCIALES
12535,INGENIERÍA
12696,ECONOMÍA
12709,INGENIERÍA
12711,ADMINISTRACIÓN Y AFINES
12796,ECONOMÍA
12797,ECONOMÍA
12806,CONTADURÍA Y AFINES
12828,ADMINISTRACIÓN Y AFINES
12884,INGENIERÍA
12886,CONTADURÍA Y AFINES
12934,EDUCACIÓN
12956,INGENIERÍA
12967,INGENIERÍA
13018,CONTADURÍA Y AFINES
13049,ADMINISTRACIÓN Y AFINES
13061,CONTADURÍA Y AFINES
13062,HUMANIDADES
13074,ADMINISTRACIÓN Y AFINES
13076,ADMINISTRACIÓN Y AFINES
13084,EDUCACIÓN
13090,INGENIERÍA
13093,DERECHO
13143,EDUCACIÓN
13145,EDUCACIÓN
13151,EDUCACIÓN
13153,EDUCACIÓN
13210,EDUCACIÓN
13211,EDUCACIÓN
13217,EDUCACIÓN
13218,EDUCACIÓN
13219,EDUCACIÓN
13220,EDUCACIÓN
13221,EDUCACIÓN
13222,EDUCACIÓN
13227,EDUCACIÓN
13257,ADMINISTRACIÓN Y AFINES
13259,CONTADURÍA Y AFINES
13287,ADMINISTRACIÓN Y AFINES
13291,ADMINISTRACIÓN Y AFINES
13293,INGENIERÍA
13294,INGENIERÍA
13297,INGENIERÍA
13314,INGENIERÍA
13318,INGENIERÍA
13321,INGENIERÍA
13328,INGENIERÍA
13344,INGENIERÍA
13350,INGENIERÍA
13351,INGENIERÍA
13353,INGENIERÍA
13357,INGENIERÍA
13358,"COMUNICACIÓN, PERIODISMO Y PUBLICIDAD"
13367,CONTADURÍA Y AFINES
13368,ECONOMÍA
13370,CONTADURÍA Y AFINES
13387,ADMINISTRACIÓN Y AFINES
13390,ADMINISTRACIÓN Y AFINES
13414,SALUD
13418,EDUCACIÓN
13509,"COMUNICACIÓN, PERIODISMO Y PUBLICIDAD"
13539,ADMINISTRACIÓN Y AFINES
13557,CONTADURÍA Y AFINES
13568,PSICOLOGÍA
13577,EDUCACIÓN
13581,ADMINISTRACIÓN Y AFINES
13627,CONTADURÍA Y AFINES
13651,ADMINISTRACIÓN Y AFINES
13655,ADMINISTRACIÓN Y AFINES
13692,DERECHO
13694,DERECHO
13727,INGENIERÍA
13730,INGENIERÍA
13734,INGENIERÍA
13768,ADMINISTRACIÓN Y AFINES
13837,ADMINISTRACIÓN Y AFINES
13976,ADMINISTRACIÓN Y AFINES
13980,ADMINISTRACIÓN Y AFINES
14018,EDUCACIÓN
14031,EDUCACIÓN
14034,EDUCACIÓN
14042,EDUCACIÓN
14043,EDUCACIÓN
14047,EDUCACIÓN
14060,ADMINISTRACIÓN Y AFINES
14110,ECONOMÍA
14119,CIENCIAS AGROPECUARIAS 
14122,ECONOMÍA
14143,CONTADURÍA Y AFINES
14190,ADMINISTRACIÓN Y AFINES
14234,ADMINISTRACIÓN Y AFINES
14237,CONTADURÍA Y AFINES
14288,CONTADURÍA Y AFINES
14320,ADMINISTRACIÓN Y AFINES
14330,CONTADURÍA Y AFINES
14384,ADMINISTRACIÓN Y AFINES
14747,BELLAS ARTES Y DISEÑO
14771,CIENCIAS AGROPECUARIAS 
14772,CIENCIAS AGROPECUARIAS 
14826,HUMANIDADES
14837,ARQUITECTURA Y URBANISMO 
14863,ADMINISTRACIÓN Y AFINES
14880,"COMUNICACIÓN, PERIODISMO Y PUBLICIDAD"
14901,ADMINISTRACIÓN Y AFINES
14902,CONTADURÍA Y AFINES
14969,ADMINISTRACIÓN Y AFINES
14982,PSICOLOGÍA
15034,ADMINISTRACIÓN Y AFINES
15052,INGENIERÍA
15061,INGENIERÍA
15063,SALUD
15111,ADMINISTRACIÓN Y AFINES
15188,CONTADURÍA Y AFINES
15192,ECONOMÍA
15229,EDUCACIÓN
15233,EDUCACIÓN
15235,EDUCACIÓN
15239,EDUCACIÓN
15241,EDUCACIÓN
15243,ADMINISTRACIÓN Y AFINES
15278,CONTADURÍA Y AFINES
15313,ADMINISTRACIÓN Y AFINES
15377,CIENCIAS SOCIALES
15383,EDUCACIÓN
15385,INGENIERÍA
15416,CONTADURÍA Y AFINES
15422,ADMINISTRACIÓN Y AFINES
15426,ADMINISTRACIÓN Y AFINES
15440,EDUCACIÓN
15441,CONTADURÍA Y AFINES
15442,EDUCACIÓN
15444,EDUCACIÓN
15465,RECREACIÓN Y DEPORTES
15533,CONTADURÍA Y AFINES
15534,ADMINISTRACIÓN Y AFINES
15538,CIENCIAS SOCIALES
15540,EDUCACIÓN
15555,BELLAS ARTES Y DISEÑO
15569,BELLAS ARTES Y DISEÑO
15577,BELLAS ARTES Y DISEÑO
15593,CIENCIAS SOCIALES
15613,"COMUNICACIÓN, PERIODISMO Y PUBLICIDAD"
15614,"COMUNICACIÓN, PERIODISMO Y PUBLICIDAD"
15623,CIENCIAS SOCIALES
15638,CIENCIAS SOCIALES
15683,CONTADURÍA Y AFINES
15702,CONTADURÍA Y AFINES
15706,ECONOMÍA
15767,EDUCACIÓN
15769,EDUCACIÓN
15770,EDUCACIÓN
15803,HUMANIDADES
15808,"COMUNICACIÓN, PERIODISMO Y PUBLICIDAD"
15895,ADMINISTRACIÓN Y AFINES
15897,ADMINISTRACIÓN Y AFINES
15898,ADMINISTRACIÓN Y AFINES
15946,EDUCACIÓN
15948,EDUCACIÓN
15949,EDUCACIÓN
15994,CIENCIAS NATURALES Y EXACTAS
16010,PSICOLOGÍA
16011,BELLAS ARTES Y DISEÑO
16014,CIENCIAS SOCIALES
16017,PSICOLOGÍA
16018,CIENCIAS SOCIALES
16039,CONTADURÍA Y AFINES
16089,CIENCIAS NATURALES Y EXACTAS
16147,CIENCIAS SOCIALES
16169,CIENCIAS NATURALES Y EXACTAS
16171,BELLAS ARTES Y DISEÑO
16205,ADMINISTRACIÓN Y AFINES
16213,ADMINISTRACIÓN Y AFINES
16222,ADMINISTRACIÓN Y AFINES
16224,ADMINISTRACIÓN Y AFINES
16228,ADMINISTRACIÓN Y AFINES
16234,INGENIERÍA
16249,EDUCACIÓN
16251,ECONOMÍA
16264,EDUCACIÓN
16489,EDUCACIÓN
16491,EDUCACIÓN
16837,EDUCACIÓN
16839,EDUCACIÓN
16840,EDUCACIÓN
16841,EDUCACIÓN
16842,EDUCACIÓN
16843,EDUCACIÓN
16846,INGENIERÍA
16867,CONTADURÍA Y AFINES
16868,EDUCACIÓN
16895,CONTADURÍA Y AFINES
16902,ADMINISTRACIÓN Y AFINES
16903,BELLAS ARTES Y DISEÑO
16904,INGENIERÍA
16905,INGENIERÍA
16912,INGENIERÍA
16914,CIENCIAS SOCIALES
16915,CIENCIAS NATURALES Y EXACTAS
16916,CIENCIAS NATURALES Y EXACTAS
16919,BELLAS ARTES Y DISEÑO
16920,CIENCIAS NATURALES Y EXACTAS
16921,CIENCIAS NATURALES Y EXACTAS
16922,INGENIERÍA
16923,CIENCIAS NATURALES Y EXACTAS
16924,CIENCIAS SOCIALES
16925,INGENIERÍA
16926,CIENCIAS AGROPECUARIAS 
16938,HUMANIDADES
16939,INGENIERÍA
16940,INGENIERÍA
16941,INGENIERÍA
16999,ADMINISTRACIÓN Y AFINES
17371,DERECHO
17407,DERECHO
17411,DERECHO
17443,CIENCIAS NATURALES Y EXACTAS
17487,INGENIERÍA
17489,INGENIERÍA
17490,INGENIERÍA
17492,INGENIERÍA
17498,CIENCIAS NATURALES Y EXACTAS
17506,INGENIERÍA
17521,SALUD
17524,SALUD
17577,INGENIERÍA
17579,INGENIERÍA
17581,CIENCIAS NATURALES Y EXACTAS
17582,INGENIERÍA
17593,INGENIERÍA
17630,INGENIERÍA
17632,INGENIERÍA
17691,"COMUNICACIÓN, PERIODISMO Y PUBLICIDAD"
17692,CIENCIAS SOCIALES
17702,CIENCIAS SOCIALES
17704,"COMUNICACIÓN, PERIODISMO Y PUBLICIDAD"
17711,CIENCIAS NATURALES Y EXACTAS
17723,CIENCIAS SOCIALES
17733,CIENCIAS AGROPECUARIAS 
17734,CIENCIAS NATURALES Y EXACTAS
17790,CONTADURÍA Y AFINES
17791,ADMINISTRACIÓN Y AFINES
17866,DERECHO
17908,ADMINISTRACIÓN Y AFINES
18679,ADMINISTRACIÓN Y AFINES
18873,INGENIERÍA
18874,INGENIERÍA
18890,INGENIERÍA
18973,HUMANIDADES
18977,ADMINISTRACIÓN Y AFINES
18979,BELLAS ARTES Y DISEÑO
18982,ADMINISTRACIÓN Y AFINES
18984,BELLAS ARTES Y DISEÑO
18989,CONTADURÍA Y AFINES
19032,CIENCIAS SOCIALES
19036,EDUCACIÓN
19042,EDUCACIÓN
19044,EDUCACIÓN
19050,EDUCACIÓN
19052,EDUCACIÓN
19054,EDUCACIÓN
19056,EDUCACIÓN
19058,EDUCACIÓN
19062,BELLAS ARTES Y DISEÑO
19063,EDUCACIÓN
19085,EDUCACIÓN
19086,EDUCACIÓN
19098,EDUCACIÓN
19106,INGENIERÍA
19127,ARQUITECTURA Y URBANISMO 
19134,ECONOMÍA
19160,CIENCIAS AGROPECUARIAS 
19164,CIENCIAS SOCIALES
19193,ADMINISTRACIÓN Y AFINES
19254,ECONOMÍA
19256,"COMUNICACIÓN, PERIODISMO Y PUBLICIDAD"
19259,ADMINISTRACIÓN Y AFINES
19265,DERECHO
19270,BELLAS ARTES Y DISEÑO
19312,HUMANIDADES
19340,ADMINISTRACIÓN Y AFINES
19355,CIENCIAS SOCIALES
19376,PSICOLOGÍA
19380,CIENCIAS SOCIALES
19385,EDUCACIÓN
19388,ADMINISTRACIÓN Y AFINES
19481,EDUCACIÓN
19482,EDUCACIÓN
19483,EDUCACIÓN
19485,EDUCACIÓN
19486,EDUCACIÓN
19514,EDUCACIÓN
19518,INGENIERÍA
19533,CONTADURÍA Y AFINES
19542,EDUCACIÓN
19546,INGENIERÍA
19567,SALUD
19601,EDUCACIÓN
19608,CONTADURÍA Y AFINES
19609,PSICOLOGÍA
19641,CONTADURÍA Y AFINES
19642,ADMINISTRACIÓN Y AFINES
19644,INGENIERÍA
19646,CONTADURÍA Y AFINES
19677,EDUCACIÓN
19714,EDUCACIÓN
19723,CONTADURÍA Y AFINES
19726,BELLAS ARTES Y DISEÑO
19734,ADMINISTRACIÓN Y AFINES
19736,EDUCACIÓN
19737,EDUCACIÓN
19741,EDUCACIÓN
19761,ADMINISTRACIÓN Y AFINES
19763,ADMINISTRACIÓN Y AFINES
19765,ADMINISTRACIÓN Y AFINES
19774,INGENIERÍA
19781,ADMINISTRACIÓN Y AFINES
19785,ADMINISTRACIÓN Y AFINES
19787,ADMINISTRACIÓN Y AFINES
19788,CONTADURÍA Y AFINES
19795,INGENIERÍA
19816,"COMUNICACIÓN, PERIODISMO Y PUBLICIDAD"
19828,ADMINISTRACIÓN Y AFINES
19850,INGENIERÍA
19851,"COMUNICACIÓN, PERIODISMO Y PUBLICIDAD"
19938,BELLAS ARTES Y DISEÑO
19944,HUMANIDADES
19945,INGENIERÍA
19948,CIENCIAS NATURALES Y EXACTAS
19976,HUMANIDADES
19979,ARQUITECTURA Y URBANISMO 
20017,EDUCACIÓN
20018,EDUCACIÓN
20020,EDUCACIÓN
20024,INGENIERÍA
20025,INGENIERÍA
20026,INGENIERÍA
20029,INGENIERÍA
20030,EDUCACIÓN
20034,EDUCACIÓN
20040,INGENIERÍA
20042,INGENIERÍA
20044,MEDICINA
20053,EDUCACIÓN
20059,EDUCACIÓN
20074,INGENIERÍA
20095,INGENIERÍA
20096,INGENIERÍA
20100,ADMINISTRACIÓN Y AFINES
20104,INGENIERÍA
20106,"COMUNICACIÓN, PERIODISMO Y PUBLICIDAD"
20107,ECONOMÍA
20109,CONTADURÍA Y AFINES
20113,INGENIERÍA
20115,INGENIERÍA
20118,BELLAS ARTES Y DISEÑO
20127,ADMINISTRACIÓN Y AFINES
20128,"COMUNICACIÓN, PERIODISMO Y PUBLICIDAD"
20146,BELLAS ARTES Y DISEÑO
20151,INGENIERÍA
20152,ADMINISTRACIÓN Y AFINES
20162,ARQUITECTURA Y URBANISMO 
20164,PSICOLOGÍA
20166,DERECHO
20168,ECONOMÍA
20169,INGENIERÍA
20170,ADMINISTRACIÓN Y AFINES
20171,INGENIERÍA
20172,INGENIERÍA
20181,INGENIERÍA
20185,INGENIERÍA
20191,ADMINISTRACIÓN Y AFINES
20198,ADMINISTRACIÓN Y AFINES
20200,CONTADURÍA Y AFINES
20209,ADMINISTRACIÓN Y AFINES
20210,CONTADURÍA Y AFINES
20211,INGENIERÍA
20212,INGENIERÍA
20214,PSICOLOGÍA
20215,INGENIERÍA
20216,INGENIERÍA
20217,ECONOMÍA
20218,INGENIERÍA
20222,"COMUNICACIÓN, PERIODISMO Y PUBLICIDAD"
20223,INGENIERÍA
20226,ADMINISTRACIÓN Y AFINES
20227,INGENIERÍA
20255,CIENCIAS AGROPECUARIAS 
20256,INGENIERÍA
20259,INGENIERÍA
20261,INGENIERÍA
20263,EDUCACIÓN
20264,EDUCACIÓN
20267,BELLAS ARTES Y DISEÑO
20270,INGENIERÍA
20271,INGENIERÍA
20370,INGENIERÍA
20376,INGENIERÍA
20390,INGENIERÍA
20407,INGENIERÍA
20409,INGENIERÍA
20410,INGENIERÍA
20415,INGENIERÍA
20431,EDUCACIÓN
20433,CIENCIAS SOCIALES
20434,DERECHO
20436,PSICOLOGÍA
20437,CIENCIAS SOCIALES
20440,ADMINISTRACIÓN Y AFINES
20443,ECONOMÍA
20444,EDUCACIÓN
20446,PSICOLOGÍA
20447,INGENIERÍA
20448,CIENCIAS NATURALES Y EXACTAS
20450,ADMINISTRACIÓN Y AFINES
20457,CIENCIAS AGROPECUARIAS 
20476,CIENCIAS SOCIALES
20477,BELLAS ARTES Y DISEÑO
20478,EDUCACIÓN
20484,EDUCACIÓN
20497,ADMINISTRACIÓN Y AFINES
20505,CIENCIAS SOCIALES
20506,EDUCACIÓN
20514,INGENIERÍA
20523,ADMINISTRACIÓN Y AFINES
20538,ENFERMERÍA
20543,INGENIERÍA
20546,ENFERMERÍA
20561,INGENIERÍA
20563,INGENIERÍA
20601,"COMUNICACIÓN, PERIODISMO Y PUBLICIDAD"
20602,INGENIERÍA
20603,MEDICINA
20609,INGENIERÍA
20610,INGENIERÍA
20611,CIENCIAS SOCIALES
20616,PSICOLOGÍA
20619,ENFERMERÍA
20638,ECONOMÍA
20641,EDUCACIÓN
20649,EDUCACIÓN
20697,MEDICINA
20699,INGENIERÍA
20700,ARQUITECTURA Y URBANISMO 
20704,SALUD
20706,DERECHO
20708,ADMINISTRACIÓN Y AFINES
20709,CONTADURÍA Y AFINES
20710,INGENIERÍA
20711,INGENIERÍA
20712,SALUD
20713,BELLAS ARTES Y DISEÑO
20716,"COMUNICACIÓN, PERIODISMO Y PUBLICIDAD"
20734,SALUD
20739,ADMINISTRACIÓN Y AFINES
20824,MEDICINA
20828,INGENIERÍA
20837,DERECHO
20856,ADMINISTRACIÓN Y AFINES
20873,INGENIERÍA
20886,EDUCACIÓN
20914,ENFERMERÍA
20915,CIENCIAS NATURALES Y EXACTAS
20972,ENFERMERÍA
21267,INGENIERÍA
21271,SALUD
21273,SALUD
21274,INGENIERÍA
21275,MEDICINA
21279,INGENIERÍA
21280,ARQUITECTURA Y URBANISMO 
21281,CIENCIAS SOCIALES
21282,DERECHO
21283,ADMINISTRACIÓN Y AFINES
21286,ENFERMERÍA
21298,ADMINISTRACIÓN Y AFINES
21301,SALUD
21305,INGENIERÍA
21310,"COMUNICACIÓN, PERIODISMO Y PUBLICIDAD"
21317,PSICOLOGÍA
21353,CONTADURÍA Y AFINES
21363,INGENIERÍA
21365,SALUD
21366,INGENIERÍA
21368,PSICOLOGÍA
21371,SALUD
21372,SALUD
21373,SALUD
21379,INGENIERÍA
21389,INGENIERÍA
21393,EDUCACIÓN
21399,BELLAS ARTES Y DISEÑO
21405,DERECHO
21423,INGENIERÍA
21450,PSICOLOGÍA
21454,MEDICINA
21455,SALUD
21460,INGENIERÍA
21463,CIENCIAS AGROPECUARIAS 
21464,INGENIERÍA
21465,MEDICINA
21473,CIENCIAS NATURALES Y EXACTAS
21474,CIENCIAS AGROPECUARIAS 
21475,CIENCIAS AGROPECUARIAS 
21478,SALUD
21481,INGENIERÍA
21487,CIENCIAS AGROPECUARIAS 
21488,CIENCIAS NATURALES Y EXACTAS
21514,SALUD
21539,EDUCACIÓN
21548,ADMINISTRACIÓN Y AFINES
51563,ADMINISTRACIÓN Y AFINES
51582,SALUD
51583,ENFERMERÍA
51603,INGENIERÍA
51606,PSICOLOGÍA
51611,INGENIERÍA
51612,CONTADURÍA Y AFINES
51623,ADMINISTRACIÓN Y AFINES
51624,ADMINISTRACIÓN Y AFINES
51635,ADMINISTRACIÓN Y AFINES
51640,EDUCACIÓN
51641,CIENCIAS SOCIALES
51647,DERECHO
51648,EDUCACIÓN
51661,SALUD
51662,ENFERMERÍA
51724,ADMINISTRACIÓN Y AFINES
51728,INGENIERÍA
51731,INGENIERÍA
51733,CIENCIAS NATURALES Y EXACTAS
51736,BELLAS ARTES Y DISEÑO
51738,CIENCIAS SOCIALES
51745,ECONOMÍA
51749,CONTADURÍA Y AFINES
51769,INGENIERÍA
51772,ADMINISTRACIÓN Y AFINES
51773,PSICOLOGÍA
51778,"COMUNICACIÓN, PERIODISMO Y PUBLICIDAD"
51786,CIENCIAS SOCIALES
51788,PSICOLOGÍA
51795,INGENIERÍA
51797,PSICOLOGÍA
51809,ADMINISTRACIÓN Y AFINES
51812,MEDICINA
51817,BELLAS ARTES Y DISEÑO
51821,CIENCIAS SOCIALES
51825,CIENCIAS NATURALES Y EXACTAS
51828,ADMINISTRACIÓN Y AFINES
51831,ADMINISTRACIÓN Y AFINES
51836,CIENCIAS NATURALES Y EXACTAS
51868,ADMINISTRACIÓN Y AFINES
51874,EDUCACIÓN
51876,CIENCIAS AGROPECUARIAS 
51885,CIENCIAS SOCIALES
51887,HUMANIDADES
51986,ADMINISTRACIÓN Y AFINES
51990,ADMINISTRACIÓN Y AFINES
51996,ADMINISTRACIÓN Y AFINES
52000,CIENCIAS NATURALES Y EXACTAS
52001,EDUCACIÓN
52002,INGENIERÍA
52052,INGENIERÍA
52058,BELLAS ARTES Y DISEÑO
52059,CIENCIAS SOCIALES
52061,CIENCIAS AGROPECUARIAS 
52067,EDUCACIÓN
52071,ADMINISTRACIÓN Y AFINES
52072,ADMINISTRACIÓN Y AFINES
52083,ECONOMÍA
52084,INGENIERÍA
52086,ADMINISTRACIÓN Y AFINES
52090,INGENIERÍA
52092,ADMINISTRACIÓN Y AFINES
52100,INGENIERÍA
52112,ECONOMÍA
52124,EDUCACIÓN
52128,INGENIERÍA
52129,INGENIERÍA
52130,INGENIERÍA
52131,INGENIERÍA
52134,ADMINISTRACIÓN Y AFINES
52145,EDUCACIÓN
52149,ADMINISTRACIÓN Y AFINES
52160,INGENIERÍA
52162,"COMUNICACIÓN, PERIODISMO Y PUBLICIDAD"
52163,SALUD
52168,ADMINISTRACIÓN Y AFINES
52172,MEDICINA
52174,ARQUITECTURA Y URBANISMO 
52180,ADMINISTRACIÓN Y AFINES
52187,EDUCACIÓN
52189,INGENIERÍA
52190,INGENIERÍA
52192,BELLAS ARTES Y DISEÑO
52193,INGENIERÍA
52197,INGENIERÍA
52199,EDUCACIÓN
52204,ADMINISTRACIÓN Y AFINES
52205,INGENIERÍA
52206,ADMINISTRACIÓN Y AFINES
52207,EDUCACIÓN
52211,"COMUNICACIÓN, PERIODISMO Y PUBLICIDAD"
52226,EDUCACIÓN
52243,INGENIERÍA
52244,CIENCIAS NATURALES Y EXACTAS
52253,"COMUNICACIÓN, PERIODISMO Y PUBLICIDAD"
52264,BELLAS ARTES Y DISEÑO
52268,ADMINISTRACIÓN Y AFINES
52269,DERECHO
52270,CONTADURÍA Y AFINES
52272,INGENIERÍA
52288,"COMUNICACIÓN, PERIODISMO Y PUBLICIDAD"
52299,INGENIERÍA
52310,"COMUNICACIÓN, PERIODISMO Y PUBLICIDAD"
52315,CIENCIAS SOCIALES
52316,PSICOLOGÍA
52318,SALUD
52322,CIENCIAS NATURALES Y EXACTAS
52331,INGENIERÍA
52338,"COMUNICACIÓN, PERIODISMO Y PUBLICIDAD"
52346,CONTADURÍA Y AFINES
52349,BELLAS ARTES Y DISEÑO
52353,ENFERMERÍA
52355,INGENIERÍA
52356,ADMINISTRACIÓN Y AFINES
52362,BELLAS ARTES Y DISEÑO
52363,"COMUNICACIÓN, PERIODISMO Y PUBLICIDAD"
52366,ADMINISTRACIÓN Y AFINES
52371,ADMINISTRACIÓN Y AFINES
52372,ADMINISTRACIÓN Y AFINES
52377,ADMINISTRACIÓN Y AFINES
52382,DERECHO
52384,INGENIERÍA
52392,CONTADURÍA Y AFINES
52397,INGENIERÍA
52399,CIENCIAS SOCIALES
52403,ADMINISTRACIÓN Y AFINES
52409,INGENIERÍA
52410,INGENIERÍA
52416,ENFERMERÍA
52422,INGENIERÍA
52470,ENFERMERÍA
52477,BELLAS ARTES Y DISEÑO
52478,ADMINISTRACIÓN Y AFINES
52490,INGENIERÍA
52503,INGENIERÍA
52509,CIENCIAS AGROPECUARIAS 
52519,"COMUNICACIÓN, PERIODISMO Y PUBLICIDAD"
52524,ADMINISTRACIÓN Y AFINES
52536,INGENIERÍA
52541,CIENCIAS SOCIALES
52543,ADMINISTRACIÓN Y AFINES
52549,INGENIERÍA
52550,INGENIERÍA
52551,ARQUITECTURA Y URBANISMO 
52554,INGENIERÍA
52556,ADMINISTRACIÓN Y AFINES
52561,ADMINISTRACIÓN Y AFINES
52562,ADMINISTRACIÓN Y AFINES
52563,ADMINISTRACIÓN Y AFINES
52564,ECONOMÍA
52568,ADMINISTRACIÓN Y AFINES
52569,CONTADURÍA Y AFINES
52573,INGENIERÍA
52574,INGENIERÍA
52584,SALUD
52591,BELLAS ARTES Y DISEÑO
52594,INGENIERÍA
52595,INGENIERÍA
52596,ADMINISTRACIÓN Y AFINES
52601,CIENCIAS NATURALES Y EXACTAS
52602,CIENCIAS SOCIALES
52605,ADMINISTRACIÓN Y AFINES
52612,ADMINISTRACIÓN Y AFINES
52614,INGENIERÍA
52616,INGENIERÍA
52620,SALUD
52635,CIENCIAS NATURALES Y EXACTAS
52639,INGENIERÍA
52644,ADMINISTRACIÓN Y AFINES
52656,INGENIERÍA
52663,CIENCIAS NATURALES Y EXACTAS
52680,INGENIERÍA
52689,CIENCIAS NATURALES Y EXACTAS
52691,INGENIERÍA
52695,DERECHO
52702,INGENIERÍA
52704,INGENIERÍA
52706,INGENIERÍA
52718,ADMINISTRACIÓN Y AFINES
52719,ADMINISTRACIÓN Y AFINES
52721,BELLAS ARTES Y DISEÑO
52722,CIENCIAS AGROPECUARIAS 
52723,MEDICINA
52724,PSICOLOGÍA
52725,SALUD
52726,INGENIERÍA
52759,CIENCIAS SOCIALES
52760,EDUCACIÓN
52761,HUMANIDADES
52763,ADMINISTRACIÓN Y AFINES
52764,ADMINISTRACIÓN Y AFINES
52765,BELLAS ARTES Y DISEÑO
52767,CONTADURÍA Y AFINES
52769,"COMUNICACIÓN, PERIODISMO Y PUBLICIDAD"
52777,ADMINISTRACIÓN Y AFINES
52779,ADMINISTRACIÓN Y AFINES
52784,ADMINISTRACIÓN Y AFINES
52785,ADMINISTRACIÓN Y AFINES
52786,ADMINISTRACIÓN Y AFINES
52790,CONTADURÍA Y AFINES
52791,ADMINISTRACIÓN Y AFINES
52796,CIENCIAS AGROPECUARIAS 
52892,"COMUNICACIÓN, PERIODISMO Y PUBLICIDAD"
52894,INGENIERÍA
52898,SALUD
52914,BELLAS ARTES Y DISEÑO
52915,BELLAS ARTES Y DISEÑO
52916,SALUD
52921,ADMINISTRACIÓN Y AFINES
52922,ADMINISTRACIÓN Y AFINES
52928,ADMINISTRACIÓN Y AFINES
52930,CIENCIAS AGROPECUARIAS 
52933,CONTADURÍA Y AFINES
52934,ECONOMÍA
52935,CONTADURÍA Y AFINES
52939,DERECHO
52951,ADMINISTRACIÓN Y AFINES
52964,DERECHO
52966,CIENCIAS NATURALES Y EXACTAS
52967,EDUCACIÓN
52971,MEDICINA
52983,ADMINISTRACIÓN Y AFINES
52985,CIENCIAS AGROPECUARIAS 
52986,ADMINISTRACIÓN Y AFINES
52990,ADMINISTRACIÓN Y AFINES
52994,HUMANIDADES
53015,EDUCACIÓN
53024,ADMINISTRACIÓN Y AFINES
53025,CIENCIAS SOCIALES
53026,CONTADURÍA Y AFINES
53029,DERECHO
53030,DERECHO
53032,CIENCIAS SOCIALES
53036,DERECHO
53037,CIENCIAS AGROPECUARIAS 
53039,ADMINISTRACIÓN Y AFINES
53040,CONTADURÍA Y AFINES
53041,DERECHO
53045,"COMUNICACIÓN, PERIODISMO Y PUBLICIDAD"
53047,ADMINISTRACIÓN Y AFINES
53049,HUMANIDADES
53052,CIENCIAS NATURALES Y EXACTAS
53056,ADMINISTRACIÓN Y AFINES
53058,CIENCIAS SOCIALES
53065,INGENIERÍA
53071,SALUD
53074,ADMINISTRACIÓN Y AFINES
53075,CIENCIAS SOCIALES
53076,ADMINISTRACIÓN Y AFINES
53077,DERECHO
53078,ADMINISTRACIÓN Y AFINES
53080,SALUD
53081,ADMINISTRACIÓN Y AFINES
53087,EDUCACIÓN
53091,DERECHO
53092,INGENIERÍA
53097,CIENCIAS AGROPECUARIAS 
53112,INGENIERÍA
53113,INGENIERÍA
53121,EDUCACIÓN
53124,CIENCIAS SOCIALES
53127,RECREACIÓN Y DEPORTES
53128,ADMINISTRACIÓN Y AFINES
53129,CIENCIAS NATURALES Y EXACTAS
53136,CONTADURÍA Y AFINES
53137,ADMINISTRACIÓN Y AFINES
53138,ADMINISTRACIÓN Y AFINES
53140,ADMINISTRACIÓN Y AFINES
53143,CONTADURÍA Y AFINES
53156,INGENIERÍA
53169,INGENIERÍA
53173,EDUCACIÓN
53175,EDUCACIÓN
53181,ADMINISTRACIÓN Y AFINES
53197,BELLAS ARTES Y DISEÑO
53198,CONTADURÍA Y AFINES
53212,RECREACIÓN Y DEPORTES
53229,CONTADURÍA Y AFINES
53236,ECONOMÍA
53238,CIENCIAS AGROPECUARIAS 
53257,ADMINISTRACIÓN Y AFINES
53260,BELLAS ARTES Y DISEÑO
53283,CIENCIAS NATURALES Y EXACTAS
53288,DERECHO
53296,BELLAS ARTES Y DISEÑO
53303,ADMINISTRACIÓN Y AFINES
53305,ADMINISTRACIÓN Y AFINES
53307,INGENIERÍA
53313,ADMINISTRACIÓN Y AFINES
53331,DERECHO
53334,INGENIERÍA
53340,INGENIERÍA
53343,INGENIERÍA
53352,EDUCACIÓN
53354,INGENIERÍA
53355,HUMANIDADES
53367,HUMANIDADES
53390,INGENIERÍA
53394,BELLAS ARTES Y DISEÑO
53397,DERECHO
53406,ADMINISTRACIÓN Y AFINES
53408,INGENIERÍA
53409,"COMUNICACIÓN, PERIODISMO Y PUBLICIDAD"
53411,DERECHO
53413,INGENIERÍA
53414,BELLAS ARTES Y DISEÑO
53416,ADMINISTRACIÓN Y AFINES
53422,CONTADURÍA Y AFINES
53423,ADMINISTRACIÓN Y AFINES
53427,INGENIERÍA
53429,ADMINISTRACIÓN Y AFINES
53435,INGENIERÍA
53442,ADMINISTRACIÓN Y AFINES
53443,BELLAS ARTES Y DISEÑO
53445,CONTADURÍA Y AFINES
53447,INGENIERÍA
53449,ADMINISTRACIÓN Y AFINES
53456,ADMINISTRACIÓN Y AFINES
53459,HUMANIDADES
53470,ADMINISTRACIÓN Y AFINES
53475,BELLAS ARTES Y DISEÑO
53485,INGENIERÍA
53511,SALUD
53512,CIENCIAS NATURALES Y EXACTAS
53516,ECONOMÍA
53517,BELLAS ARTES Y DISEÑO
53528,CIENCIAS NATURALES Y EXACTAS
53530,ADMINISTRACIÓN Y AFINES
53534,INGENIERÍA
53537,ADMINISTRACIÓN Y AFINES
53538,ADMINISTRACIÓN Y AFINES
53539,DERECHO
53540,INGENIERÍA
53541,BELLAS ARTES Y DISEÑO
53559,ADMINISTRACIÓN Y AFINES
53566,INGENIERÍA
53578,ADMINISTRACIÓN Y AFINES
53583,PSICOLOGÍA
53586,CIENCIAS NATURALES Y EXACTAS
53604,CIENCIAS AGROPECUARIAS 
53605,INGENIERÍA
53610,ADMINISTRACIÓN Y AFINES
53611,CONTADURÍA Y AFINES
53613,INGENIERÍA
53623,INGENIERÍA
53630,PSICOLOGÍA
53631,CONTADURÍA Y AFINES
53632,CONTADURÍA Y AFINES
53635,ADMINISTRACIÓN Y AFINES
53637,ADMINISTRACIÓN Y AFINES
53650,ADMINISTRACIÓN Y AFINES
53668,CONTADURÍA Y AFINES
53670,BELLAS ARTES Y DISEÑO
53688,ADMINISTRACIÓN Y AFINES
53689,CONTADURÍA Y AFINES
53690,ADMINISTRACIÓN Y AFINES
53691,INGENIERÍA
53694,CONTADURÍA Y AFINES
53699,"COMUNICACIÓN, PERIODISMO Y PUBLICIDAD"
53700,ADMINISTRACIÓN Y AFINES
53702,INGENIERÍA
53703,INGENIERÍA
53709,INGENIERÍA
53714,CONTADURÍA Y AFINES
53716,INGENIERÍA
53717,EDUCACIÓN
53718,EDUCACIÓN
53731,CIENCIAS AGROPECUARIAS 
53732,RECREACIÓN Y DEPORTES
53735,INGENIERÍA
53740,DERECHO
53743,ADMINISTRACIÓN Y AFINES
53744,ADMINISTRACIÓN Y AFINES
53751,ADMINISTRACIÓN Y AFINES
53753,CIENCIAS AGROPECUARIAS 
53768,CIENCIAS AGROPECUARIAS 
53774,ADMINISTRACIÓN Y AFINES
53779,CIENCIAS AGROPECUARIAS 
53782,DERECHO
53785,ADMINISTRACIÓN Y AFINES
53787,SALUD
53792,ADMINISTRACIÓN Y AFINES
53797,CONTADURÍA Y AFINES
53818,INGENIERÍA
53835,INGENIERÍA
53837,ECONOMÍA
53840,PSICOLOGÍA
53841,INGENIERÍA
53846,EDUCACIÓN
53857,"COMUNICACIÓN, PERIODISMO Y PUBLICIDAD"
53866,"COMUNICACIÓN, PERIODISMO Y PUBLICIDAD"
53867,BELLAS ARTES Y DISEÑO
53869,BELLAS ARTES Y DISEÑO
53872,INGENIERÍA
53874,PSICOLOGÍA
53876,EDUCACIÓN
53878,CONTADURÍA Y AFINES
53879,EDUCACIÓN
53880,CIENCIAS NATURALES Y EXACTAS
53902,ADMINISTRACIÓN Y AFINES
53907,CIENCIAS AGROPECUARIAS 
53912,ADMINISTRACIÓN Y AFINES
53921,ECONOMÍA
53924,CIENCIAS SOCIALES
53929,CONTADURÍA Y AFINES
53930,BELLAS ARTES Y DISEÑO
53936,ADMINISTRACIÓN Y AFINES
53949,ADMINISTRACIÓN Y AFINES
53953,DERECHO
53957,INGENIERÍA
53966,ADMINISTRACIÓN Y AFINES
53969,CIENCIAS NATURALES Y EXACTAS
53995,EDUCACIÓN
54006,BELLAS ARTES Y DISEÑO
54007,INGENIERÍA
54008,BELLAS ARTES Y DISEÑO
54016,PSICOLOGÍA
54021,INGENIERÍA
54027,INGENIERÍA
54036,HUMANIDADES
54039,ECONOMÍA
54059,EDUCACIÓN
54061,ENFERMERÍA
54067,"COMUNICACIÓN, PERIODISMO Y PUBLICIDAD"
54086,ADMINISTRACIÓN Y AFINES
54088,INGENIERÍA
54095,ADMINISTRACIÓN Y AFINES
54097,DERECHO
54117,EDUCACIÓN
54123,SALUD
54127,CIENCIAS AGROPECUARIAS 
54141,INGENIERÍA
54142,PSICOLOGÍA
54143,PSICOLOGÍA
54148,"COMUNICACIÓN, PERIODISMO Y PUBLICIDAD"
54152,ADMINISTRACIÓN Y AFINES
54153,ADMINISTRACIÓN Y AFINES
54161,EDUCACIÓN
54163,HUMANIDADES
54172,INGENIERÍA
54174,RECREACIÓN Y DEPORTES
54182,CIENCIAS NATURALES Y EXACTAS
54188,ADMINISTRACIÓN Y AFINES
54190,ADMINISTRACIÓN Y AFINES
54194,INGENIERÍA
54198,ADMINISTRACIÓN Y AFINES
54201,EDUCACIÓN
54211,INGENIERÍA
54212,DERECHO
54214,CIENCIAS SOCIALES
54222,EDUCACIÓN
54224,EDUCACIÓN
54237,SALUD
54238,SALUD
54239,INGENIERÍA
54241,SALUD
54263,INGENIERÍA
54283,ADMINISTRACIÓN Y AFINES
54290,DERECHO
54293,BELLAS ARTES Y DISEÑO
54296,ENFERMERÍA
54308,EDUCACIÓN
54309,SALUD
54316,SALUD
54320,EDUCACIÓN
54334,INGENIERÍA
54336,ADMINISTRACIÓN Y AFINES
54337,ADMINISTRACIÓN Y AFINES
54344,BELLAS ARTES Y DISEÑO
54345,EDUCACIÓN
54356,ADMINISTRACIÓN Y AFINES
54358,INGENIERÍA
54359,BELLAS ARTES Y DISEÑO
54360,CIENCIAS SOCIALES
54361,BELLAS ARTES Y DISEÑO
54363,CIENCIAS NATURALES Y EXACTAS
54369,PSICOLOGÍA
54370,ADMINISTRACIÓN Y AFINES
54376,BELLAS ARTES Y DISEÑO
54397,ADMINISTRACIÓN Y AFINES
54400,INGENIERÍA
54405,BELLAS ARTES Y DISEÑO
54406,DERECHO
54415,INGENIERÍA
54428,CONTADURÍA Y AFINES
54443,PSICOLOGÍA
54462,CONTADURÍA Y AFINES
54468,SALUD
54474,INGENIERÍA
54475,INGENIERÍA
54480,PSICOLOGÍA
54482,CONTADURÍA Y AFINES
54484,ADMINISTRACIÓN Y AFINES
54486,ADMINISTRACIÓN Y AFINES
54487,ADMINISTRACIÓN Y AFINES
54488,ADMINISTRACIÓN Y AFINES
54495,INGENIERÍA
54528,ADMINISTRACIÓN Y AFINES
54529,ADMINISTRACIÓN Y AFINES
54533,MEDICINA
54534,BELLAS ARTES Y DISEÑO
54539,INGENIERÍA
54548,DERECHO
54549,INGENIERÍA
54552,ADMINISTRACIÓN Y AFINES
54561,INGENIERÍA
54562,CIENCIAS NATURALES Y EXACTAS
54567,RECREACIÓN Y DEPORTES
54595,ADMINISTRACIÓN Y AFINES
54596,INGENIERÍA
54625,INGENIERÍA
54656,EDUCACIÓN
54657,BELLAS ARTES Y DISEÑO
54668,MEDICINA
54669,DERECHO
54670,SALUD
54681,INGENIERÍA
54683,BELLAS ARTES Y DISEÑO
54684,INGENIERÍA
54685,INGENIERÍA
54694,CIENCIAS SOCIALES
54695,EDUCACIÓN
54701,ADMINISTRACIÓN Y AFINES
54718,ARQUITECTURA Y URBANISMO 
54722,SALUD
54726,BELLAS ARTES Y DISEÑO
54738,ADMINISTRACIÓN Y AFINES
54740,ADMINISTRACIÓN Y AFINES
54742,INGENIERÍA
54762,INGENIERÍA
54765,ADMINISTRACIÓN Y AFINES
54766,ADMINISTRACIÓN Y AFINES
54774,CONTADURÍA Y AFINES
54791,ADMINISTRACIÓN Y AFINES
54795,BELLAS ARTES Y DISEÑO
54801,BELLAS ARTES Y DISEÑO
54806,EDUCACIÓN
54815,ADMINISTRACIÓN Y AFINES
54819,ADMINISTRACIÓN Y AFINES
54861,INGENIERÍA
54862,INGENIERÍA
54918,DERECHO
54919,INGENIERÍA
54920,PSICOLOGÍA
54921,ARQUITECTURA Y URBANISMO 
54922,ADMINISTRACIÓN Y AFINES
54924,BELLAS ARTES Y DISEÑO
54932,CIENCIAS SOCIALES
54933,PSICOLOGÍA
54936,MEDICINA
54938,ADMINISTRACIÓN Y AFINES
54960,ADMINISTRACIÓN Y AFINES
54980,DERECHO
54981,EDUCACIÓN
54999,INGENIERÍA
55002,CIENCIAS SOCIALES
55003,HUMANIDADES
55014,INGENIERÍA
55016,INGENIERÍA
55017,ADMINISTRACIÓN Y AFINES
55031,HUMANIDADES
55035,PSICOLOGÍA
55038,HUMANIDADES
55040,DERECHO
55061,CIENCIAS NATURALES Y EXACTAS
55064,INGENIERÍA
55070,ADMINISTRACIÓN Y AFINES
55072,ADMINISTRACIÓN Y AFINES
55074,EDUCACIÓN
55075,EDUCACIÓN
55077,BELLAS ARTES Y DISEÑO
55084,ADMINISTRACIÓN Y AFINES
55085,BELLAS ARTES Y DISEÑO
55088,ADMINISTRACIÓN Y AFINES
55089,ADMINISTRACIÓN Y AFINES
55090,ADMINISTRACIÓN Y AFINES
55094,ADMINISTRACIÓN Y AFINES
55096,ADMINISTRACIÓN Y AFINES
55163,ARQUITECTURA Y URBANISMO 
55165,CIENCIAS NATURALES Y EXACTAS
55167,"COMUNICACIÓN, PERIODISMO Y PUBLICIDAD"
55170,INGENIERÍA
55177,MEDICINA
55178,MEDICINA
55179,MEDICINA
55189,INGENIERÍA
55200,INGENIERÍA
55202,MEDICINA
90307,ADMINISTRACIÓN Y AFINES
90310,CONTADURÍA Y AFINES
90318,CONTADURÍA Y AFINES
90319,ADMINISTRACIÓN Y AFINES
90320,HUMANIDADES
90322,INGENIERÍA
90329,ARQUITECTURA Y URBANISMO 
90341,ADMINISTRACIÓN Y AFINES
90353,BELLAS ARTES Y DISEÑO
90354,EDUCACIÓN
90355,BELLAS ARTES Y DISEÑO
90359,INGENIERÍA
90360,ARQUITECTURA Y URBANISMO 
90362,CONTADURÍA Y AFINES
90364,PSICOLOGÍA
90367,CIENCIAS NATURALES Y EXACTAS
90368,ARQUITECTURA Y URBANISMO 
90372,EDUCACIÓN
90373,ADMINISTRACIÓN Y AFINES
90379,BELLAS ARTES Y DISEÑO
90383,ADMINISTRACIÓN Y AFINES
90393,ADMINISTRACIÓN Y AFINES
90394,ADMINISTRACIÓN Y AFINES
90395,CONTADURÍA Y AFINES
90397,EDUCACIÓN
90399,ADMINISTRACIÓN Y AFINES
90402,INGENIERÍA
90409,HUMANIDADES
90413,INGENIERÍA
90414,INGENIERÍA
90419,INGENIERÍA
90425,EDUCACIÓN
90427,DERECHO
90428,INGENIERÍA
90430,PSICOLOGÍA
90438,EDUCACIÓN
90442,INGENIERÍA
90453,CONTADURÍA Y AFINES
90455,INGENIERÍA
90458,ENFERMERÍA
90461,"COMUNICACIÓN, PERIODISMO Y PUBLICIDAD"
90470,BELLAS ARTES Y DISEÑO
90473,BELLAS ARTES Y DISEÑO
90479,EDUCACIÓN
90495,ADMINISTRACIÓN Y AFINES
90511,ADMINISTRACIÓN Y AFINES
90513,DERECHO
90514,CIENCIAS NATURALES Y EXACTAS
90518,"COMUNICACIÓN, PERIODISMO Y PUBLICIDAD"
90526,INGENIERÍA
90529,CONTADURÍA Y AFINES
90552,INGENIERÍA
90553,EDUCACIÓN
90555,ADMINISTRACIÓN Y AFINES
90559,HUMANIDADES
90577,BELLAS ARTES Y DISEÑO
90578,ADMINISTRACIÓN Y AFINES
90583,ADMINISTRACIÓN Y AFINES
90586,CONTADURÍA Y AFINES
90589,ADMINISTRACIÓN Y AFINES
90591,"COMUNICACIÓN, PERIODISMO Y PUBLICIDAD"
90596,BELLAS ARTES Y DISEÑO
90598,INGENIERÍA
90614,INGENIERÍA
90623,INGENIERÍA
90626,"COMUNICACIÓN, PERIODISMO Y PUBLICIDAD"
90637,ADMINISTRACIÓN Y AFINES
90653,DERECHO
90654,"COMUNICACIÓN, PERIODISMO Y PUBLICIDAD"
90660,ADMINISTRACIÓN Y AFINES
90667,INGENIERÍA
90690,ADMINISTRACIÓN Y AFINES
90704,INGENIERÍA
90710,ADMINISTRACIÓN Y AFINES
90711,CIENCIAS SOCIALES
90714,INGENIERÍA
90715,INGENIERÍA
90720,EDUCACIÓN
90728,INGENIERÍA
90732,EDUCACIÓN
90743,INGENIERÍA
90745,EDUCACIÓN
90747,EDUCACIÓN
90748,INGENIERÍA
90753,ECONOMÍA
90761,EDUCACIÓN
90772,CIENCIAS NATURALES Y EXACTAS
90773,EDUCACIÓN
90781,DERECHO
90789,INGENIERÍA
90796,INGENIERÍA
90797,ADMINISTRACIÓN Y AFINES
90799,ADMINISTRACIÓN Y AFINES
90804,SALUD
90805,ADMINISTRACIÓN Y AFINES
90806,HUMANIDADES
90811,CONTADURÍA Y AFINES
90816,"COMUNICACIÓN, PERIODISMO Y PUBLICIDAD"
90818,DERECHO
90834,ADMINISTRACIÓN Y AFINES
90839,ADMINISTRACIÓN Y AFINES
90844,CIENCIAS SOCIALES
90856,INGENIERÍA
90858,CONTADURÍA Y AFINES
90859,ADMINISTRACIÓN Y AFINES
90860,CONTADURÍA Y AFINES
90865,ADMINISTRACIÓN Y AFINES
90868,INGENIERÍA
90872,EDUCACIÓN
90876,CIENCIAS SOCIALES
90880,EDUCACIÓN
90881,DERECHO
90882,HUMANIDADES
90883,CIENCIAS SOCIALES
90884,ADMINISTRACIÓN Y AFINES
90886,DERECHO
90894,CONTADURÍA Y AFINES
90896,INGENIERÍA
90898,BELLAS ARTES Y DISEÑO
90901,DERECHO
90908,EDUCACIÓN
90911,ADMINISTRACIÓN Y AFINES
90913,EDUCACIÓN
90915,INGENIERÍA
90921,ADMINISTRACIÓN Y AFINES
90926,EDUCACIÓN
90927,EDUCACIÓN
90928,EDUCACIÓN
90935,INGENIERÍA
90937,INGENIERÍA
90938,CIENCIAS SOCIALES
90939,CIENCIAS SOCIALES
90941,PSICOLOGÍA
90962,EDUCACIÓN
90963,EDUCACIÓN
90975,DERECHO
90978,PSICOLOGÍA
90979,ADMINISTRACIÓN Y AFINES
90980,CIENCIAS NATURALES Y EXACTAS
90981,CIENCIAS SOCIALES
90983,EDUCACIÓN
90988,ADMINISTRACIÓN Y AFINES
90992,ENFERMERÍA
90993,CIENCIAS NATURALES Y EXACTAS
90996,INGENIERÍA
91000,INGENIERÍA
91001,DERECHO
91002,INGENIERÍA
91003,EDUCACIÓN
91014,SALUD
91016,EDUCACIÓN
91021,CONTADURÍA Y AFINES
91023,ADMINISTRACIÓN Y AFINES
91027,ENFERMERÍA
91030,EDUCACIÓN
91031,EDUCACIÓN
91035,EDUCACIÓN
91042,EDUCACIÓN
91043,EDUCACIÓN
91044,EDUCACIÓN
91045,EDUCACIÓN
91047,EDUCACIÓN
91048,EDUCACIÓN
91049,INGENIERÍA
91055,ADMINISTRACIÓN Y AFINES
91056,BELLAS ARTES Y DISEÑO
91060,DERECHO
91069,INGENIERÍA
91089,"COMUNICACIÓN, PERIODISMO Y PUBLICIDAD"
91102,ADMINISTRACIÓN Y AFINES
91104,ADMINISTRACIÓN Y AFINES
91112,EDUCACIÓN
91121,BELLAS ARTES Y DISEÑO
91124,SALUD
91126,PSICOLOGÍA
91127,BELLAS ARTES Y DISEÑO
91136,INGENIERÍA
91140,BELLAS ARTES Y DISEÑO
91141,PSICOLOGÍA
91142,INGENIERÍA
91143,INGENIERÍA
91144,ADMINISTRACIÓN Y AFINES
91160,BELLAS ARTES Y DISEÑO
91236,ADMINISTRACIÓN Y AFINES
91237,ADMINISTRACIÓN Y AFINES
91238,EDUCACIÓN
91244,ADMINISTRACIÓN Y AFINES
91274,DERECHO
91275,CIENCIAS AGROPECUARIAS 
91276,EDUCACIÓN
91280,INGENIERÍA
91297,HUMANIDADES
91301,INGENIERÍA
91302,"COMUNICACIÓN, PERIODISMO Y PUBLICIDAD"
91305,CONTADURÍA Y AFINES
91308,ADMINISTRACIÓN Y AFINES
91322,EDUCACIÓN
91329,SALUD
91334,CONTADURÍA Y AFINES
91337,EDUCACIÓN
91339,EDUCACIÓN
91340,EDUCACIÓN
91342,ADMINISTRACIÓN Y AFINES
91346,BELLAS ARTES Y DISEÑO
91348,BELLAS ARTES Y DISEÑO
91350,BELLAS ARTES Y DISEÑO
91354,CIENCIAS SOCIALES
91366,DERECHO
91367,HUMANIDADES
91376,INGENIERÍA
91379,ADMINISTRACIÓN Y AFINES
91382,CONTADURÍA Y AFINES
91386,BELLAS ARTES Y DISEÑO
91388,BELLAS ARTES Y DISEÑO
91394,CONTADURÍA Y AFINES
91401,BELLAS ARTES Y DISEÑO
91422,INGENIERÍA
91423,CONTADURÍA Y AFINES
91428,ADMINISTRACIÓN Y AFINES
91429,EDUCACIÓN
91431,"COMUNICACIÓN, PERIODISMO Y PUBLICIDAD"
91432,CIENCIAS NATURALES Y EXACTAS
91437,MEDICINA
91439,"COMUNICACIÓN, PERIODISMO Y PUBLICIDAD"
91441,CIENCIAS SOCIALES
91452,INGENIERÍA
91454,INGENIERÍA
91460,EDUCACIÓN
91462,ADMINISTRACIÓN Y AFINES
91475,EDUCACIÓN
91479,EDUCACIÓN
91481,EDUCACIÓN
91482,EDUCACIÓN
91483,EDUCACIÓN
91484,EDUCACIÓN
91485,EDUCACIÓN
91486,EDUCACIÓN
91487,EDUCACIÓN
91489,ADMINISTRACIÓN Y AFINES
91490,PSICOLOGÍA
91493,DERECHO
91506,EDUCACIÓN
91512,INGENIERÍA
91518,INGENIERÍA
101284,HUMANIDADES
101286,BELLAS ARTES Y DISEÑO
101292,ADMINISTRACIÓN Y AFINES
101295,CIENCIAS SOCIALES
101297,ADMINISTRACIÓN Y AFINES
101298,ADMINISTRACIÓN Y AFINES
101300,ADMINISTRACIÓN Y AFINES
101301,CIENCIAS AGROPECUARIAS 
101313,ARQUITECTURA Y URBANISMO 
101314,EDUCACIÓN
101318,EDUCACIÓN
101321,"COMUNICACIÓN, PERIODISMO Y PUBLICIDAD"
101330,ADMINISTRACIÓN Y AFINES
101331,"COMUNICACIÓN, PERIODISMO Y PUBLICIDAD"
101332,PSICOLOGÍA
101333,EDUCACIÓN
101347,PSICOLOGÍA
101366,ADMINISTRACIÓN Y AFINES
101381,"COMUNICACIÓN, PERIODISMO Y PUBLICIDAD"
101382,ADMINISTRACIÓN Y AFINES
101384,CIENCIAS SOCIALES
101387,ECONOMÍA
101389,INGENIERÍA
101390,EDUCACIÓN
101397,ENFERMERÍA
101401,DERECHO
101406,EDUCACIÓN
101407,EDUCACIÓN
101408,ADMINISTRACIÓN Y AFINES
101411,"COMUNICACIÓN, PERIODISMO Y PUBLICIDAD"
101415,ADMINISTRACIÓN Y AFINES
101418,INGENIERÍA
101421,"COMUNICACIÓN, PERIODISMO Y PUBLICIDAD"
101426,BELLAS ARTES Y DISEÑO
101429,DERECHO
101430,DERECHO
101432,PSICOLOGÍA
101439,"COMUNICACIÓN, PERIODISMO Y PUBLICIDAD"
101449,BELLAS ARTES Y DISEÑO
101451,ADMINISTRACIÓN Y AFINES
101453,PSICOLOGÍA
101462,PSICOLOGÍA
101465,ADMINISTRACIÓN Y AFINES
101468,BELLAS ARTES Y DISEÑO
101471,INGENIERÍA
101472,BELLAS ARTES Y DISEÑO
101475,CIENCIAS AGROPECUARIAS 
101479,CONTADURÍA Y AFINES
101481,ADMINISTRACIÓN Y AFINES
101492,ADMINISTRACIÓN Y AFINES
101524,DERECHO
101525,BELLAS ARTES Y DISEÑO
101530,EDUCACIÓN
101533,INGENIERÍA
101540,CIENCIAS NATURALES Y EXACTAS
101543,INGENIERÍA
101571,CIENCIAS NATURALES Y EXACTAS
101573,BELLAS ARTES Y DISEÑO
101578,INGENIERÍA
101579,INGENIERÍA
101580,INGENIERÍA
101595,INGENIERÍA
101596,INGENIERÍA
101598,CIENCIAS SOCIALES
101599,INGENIERÍA
101607,ADMINISTRACIÓN Y AFINES
101613,CONTADURÍA Y AFINES
101621,INGENIERÍA
101631,BELLAS ARTES Y DISEÑO
101633,ADMINISTRACIÓN Y AFINES
101635,CONTADURÍA Y AFINES
101640,CIENCIAS SOCIALES
101643,ADMINISTRACIÓN Y AFINES
101645,PSICOLOGÍA
101648,INGENIERÍA
101653,"COMUNICACIÓN, PERIODISMO Y PUBLICIDAD"
101660,EDUCACIÓN
101663,INGENIERÍA
101677,ENFERMERÍA
101681,EDUCACIÓN
101682,SALUD
101696,ADMINISTRACIÓN Y AFINES
101698,"COMUNICACIÓN, PERIODISMO Y PUBLICIDAD"
101699,"COMUNICACIÓN, PERIODISMO Y PUBLICIDAD"
101706,EDUCACIÓN
101707,INGENIERÍA
101709,EDUCACIÓN
101735,INGENIERÍA
101741,BELLAS ARTES Y DISEÑO
101742,INGENIERÍA
101747,DERECHO
101750,EDUCACIÓN
101756,INGENIERÍA
101773,CONTADURÍA Y AFINES
101776,INGENIERÍA
101777,INGENIERÍA
101778,ADMINISTRACIÓN Y AFINES
101792,DERECHO
101793,DERECHO
101802,EDUCACIÓN
101808,SALUD
101816,CIENCIAS AGROPECUARIAS 
101822,EDUCACIÓN
101823,EDUCACIÓN
101827,ADMINISTRACIÓN Y AFINES
101829,EDUCACIÓN
101838,ADMINISTRACIÓN Y AFINES
101843,BELLAS ARTES Y DISEÑO
101844,BELLAS ARTES Y DISEÑO
101855,"COMUNICACIÓN, PERIODISMO Y PUBLICIDAD"
101856,ADMINISTRACIÓN Y AFINES
101860,CIENCIAS SOCIALES
101862,PSICOLOGÍA
101863,DERECHO
101865,EDUCACIÓN
101867,EDUCACIÓN
101873,EDUCACIÓN
101877,ADMINISTRACIÓN Y AFINES
101878,ADMINISTRACIÓN Y AFINES
101884,INGENIERÍA
101902,INGENIERÍA
101903,BELLAS ARTES Y DISEÑO
101904,BELLAS ARTES Y DISEÑO
101912,DERECHO
101913,PSICOLOGÍA
101922,ADMINISTRACIÓN Y AFINES
101925,EDUCACIÓN
101937,DERECHO
101940,ADMINISTRACIÓN Y AFINES
101941,ADMINISTRACIÓN Y AFINES
101942,BELLAS ARTES Y DISEÑO
101943,ADMINISTRACIÓN Y AFINES
101947,CIENCIAS NATURALES Y EXACTAS
101954,EDUCACIÓN
101956,EDUCACIÓN
101957,RECREACIÓN Y DEPORTES
101961,INGENIERÍA
101973,INGENIERÍA
101976,DERECHO
101979,DERECHO
101988,INGENIERÍA
101991,"COMUNICACIÓN, PERIODISMO Y PUBLICIDAD"
101992,EDUCACIÓN
101996,DERECHO
101997,ADMINISTRACIÓN Y AFINES
101999,ADMINISTRACIÓN Y AFINES
102000,ADMINISTRACIÓN Y AFINES
102003,CONTADURÍA Y AFINES
102005,ADMINISTRACIÓN Y AFINES
102020,ADMINISTRACIÓN Y AFINES
102023,INGENIERÍA
102025,EDUCACIÓN
102036,INGENIERÍA
102039,INGENIERÍA
102041,BELLAS ARTES Y DISEÑO
102046,ADMINISTRACIÓN Y AFINES
102051,INGENIERÍA
102056,ADMINISTRACIÓN Y AFINES
102061,DERECHO
102063,INGENIERÍA
102065,ECONOMÍA
102066,INGENIERÍA
102067,ADMINISTRACIÓN Y AFINES
102076,INGENIERÍA
102078,ADMINISTRACIÓN Y AFINES
102079,ADMINISTRACIÓN Y AFINES
102083,INGENIERÍA
102084,ADMINISTRACIÓN Y AFINES
102085,ADMINISTRACIÓN Y AFINES
102086,BELLAS ARTES Y DISEÑO
102106,RECREACIÓN Y DEPORTES
102110,BELLAS ARTES Y DISEÑO
102113,INGENIERÍA
102122,INGENIERÍA
102126,INGENIERÍA
102129,BELLAS ARTES Y DISEÑO
102130,CIENCIAS NATURALES Y EXACTAS
102133,INGENIERÍA
102138,"COMUNICACIÓN, PERIODISMO Y PUBLICIDAD"
102139,INGENIERÍA
102141,SALUD
102143,CONTADURÍA Y AFINES
102146,CIENCIAS SOCIALES
102148,HUMANIDADES
102151,BELLAS ARTES Y DISEÑO
102162,SALUD
102169,ADMINISTRACIÓN Y AFINES
102175,EDUCACIÓN
102179,ADMINISTRACIÓN Y AFINES
102180,DERECHO
102181,EDUCACIÓN
102187,ADMINISTRACIÓN Y AFINES
102189,ADMINISTRACIÓN Y AFINES
102191,INGENIERÍA
102202,"COMUNICACIÓN, PERIODISMO Y PUBLICIDAD"
102204,INGENIERÍA
102206,INGENIERÍA
102209,ADMINISTRACIÓN Y AFINES
102215,INGENIERÍA
102218,EDUCACIÓN
102219,ADMINISTRACIÓN Y AFINES
102222,ADMINISTRACIÓN Y AFINES
102224,HUMANIDADES
102249,INGENIERÍA
102267,BELLAS ARTES Y DISEÑO
102278,ADMINISTRACIÓN Y AFINES
102284,ADMINISTRACIÓN Y AFINES
102287,CONTADURÍA Y AFINES
102289,"COMUNICACIÓN, PERIODISMO Y PUBLICIDAD"
102290,CIENCIAS NATURALES Y EXACTAS
102292,RECREACIÓN Y DEPORTES
102293,ADMINISTRACIÓN Y AFINES
102298,INGENIERÍA
102300,DERECHO
102312,EDUCACIÓN
102314,INGENIERÍA
102315,INGENIERÍA
102322,CONTADURÍA Y AFINES
102324,ADMINISTRACIÓN Y AFINES
102336,BELLAS ARTES Y DISEÑO
102337,SALUD
102377,INGENIERÍA
102381,SALUD
102383,SALUD
102388,CONTADURÍA Y AFINES
102389,BELLAS ARTES Y DISEÑO
102391,ADMINISTRACIÓN Y AFINES
102396,CONTADURÍA Y AFINES
102417,INGENIERÍA
102425,INGENIERÍA
102432,SALUD
102433,DERECHO
102436,SALUD
102441,ADMINISTRACIÓN Y AFINES
102447,EDUCACIÓN
102464,DERECHO
102465,CIENCIAS SOCIALES
102468,PSICOLOGÍA
102473,INGENIERÍA
102479,INGENIERÍA
102481,EDUCACIÓN
102489,HUMANIDADES
102494,INGENIERÍA
102508,EDUCACIÓN
102509,CIENCIAS NATURALES Y EXACTAS
102510,ADMINISTRACIÓN Y AFINES
102511,CONTADURÍA Y AFINES
102515,ADMINISTRACIÓN Y AFINES
102518,ADMINISTRACIÓN Y AFINES
102519,ADMINISTRACIÓN Y AFINES
102521,INGENIERÍA
102524,CIENCIAS SOCIALES
102526,INGENIERÍA
102537,CIENCIAS SOCIALES
102539,EDUCACIÓN
102540,PSICOLOGÍA
102542,INGENIERÍA
102543,INGENIERÍA
102545,CIENCIAS SOCIALES
102547,EDUCACIÓN
102554,EDUCACIÓN
102565,INGENIERÍA
102572,ADMINISTRACIÓN Y AFINES
102577,INGENIERÍA
102578,INGENIERÍA
102579,INGENIERÍA
102598,ADMINISTRACIÓN Y AFINES
102607,PSICOLOGÍA
102626,CIENCIAS SOCIALES
102628,EDUCACIÓN
102632,"COMUNICACIÓN, PERIODISMO Y PUBLICIDAD"
102635,ADMINISTRACIÓN Y AFINES
102638,"COMUNICACIÓN, PERIODISMO Y PUBLICIDAD"
102650,CIENCIAS SOCIALES
102656,DERECHO
102661,CONTADURÍA Y AFINES
102662,ADMINISTRACIÓN Y AFINES
102663,CONTADURÍA Y AFINES
102664,ADMINISTRACIÓN Y AFINES
102677,EDUCACIÓN
102681,CIENCIAS MILITARES Y NAVALES
102682,ADMINISTRACIÓN Y AFINES
102683,ADMINISTRACIÓN Y AFINES
102690,INGENIERÍA
102704,EDUCACIÓN
102706,EDUCACIÓN
102707,INGENIERÍA
102709,BELLAS ARTES Y DISEÑO
102719,ADMINISTRACIÓN Y AFINES
102724,ADMINISTRACIÓN Y AFINES
102728,CONTADURÍA Y AFINES
102729,ADMINISTRACIÓN Y AFINES
102733,EDUCACIÓN
102743,INGENIERÍA
102761,BELLAS ARTES Y DISEÑO
102773,CIENCIAS SOCIALES
102806,ADMINISTRACIÓN Y AFINES
102814,CIENCIAS AGROPECUARIAS 
102816,ADMINISTRACIÓN Y AFINES
102818,CONTADURÍA Y AFINES
102822,CIENCIAS AGROPECUARIAS 
102827,ADMINISTRACIÓN Y AFINES
102839,INGENIERÍA
102841,CIENCIAS AGROPECUARIAS 
102844,INGENIERÍA
102846,CONTADURÍA Y AFINES
102847,ADMINISTRACIÓN Y AFINES
102848,ADMINISTRACIÓN Y AFINES
102852,CIENCIAS NATURALES Y EXACTAS
102854,INGENIERÍA
102859,INGENIERÍA
102869,ADMINISTRACIÓN Y AFINES
102870,ADMINISTRACIÓN Y AFINES
102871,EDUCACIÓN
102874,INGENIERÍA
102883,INGENIERÍA
102890,PSICOLOGÍA
102907,INGENIERÍA
102914,BELLAS ARTES Y DISEÑO
102915,ADMINISTRACIÓN Y AFINES
102918,DERECHO
102920,ADMINISTRACIÓN Y AFINES
102921,CIENCIAS NATURALES Y EXACTAS
102932,PSICOLOGÍA
102935,EDUCACIÓN
102938,ADMINISTRACIÓN Y AFINES
102939,ADMINISTRACIÓN Y AFINES
102940,ADMINISTRACIÓN Y AFINES
102945,INGENIERÍA
102947,CONTADURÍA Y AFINES
102948,BELLAS ARTES Y DISEÑO
102951,BELLAS ARTES Y DISEÑO
102954,BELLAS ARTES Y DISEÑO
102976,CIENCIAS NATURALES Y EXACTAS
102985,BELLAS ARTES Y DISEÑO
103006,INGENIERÍA
103014,ADMINISTRACIÓN Y AFINES
103016,CONTADURÍA Y AFINES
103019,INGENIERÍA
103031,BELLAS ARTES Y DISEÑO
103032,PSICOLOGÍA
103036,EDUCACIÓN
103048,CONTADURÍA Y AFINES
103055,DERECHO
103057,ADMINISTRACIÓN Y AFINES
103058,ECONOMÍA
103059,ADMINISTRACIÓN Y AFINES
103060,CIENCIAS AGROPECUARIAS 
103072,ADMINISTRACIÓN Y AFINES
103074,ADMINISTRACIÓN Y AFINES
103081,BELLAS ARTES Y DISEÑO
103089,CIENCIAS AGROPECUARIAS 
103097,ECONOMÍA
103103,INGENIERÍA
103105,EDUCACIÓN
103114,EDUCACIÓN
103124,CONTADURÍA Y AFINES
103128,INGENIERÍA
103131,EDUCACIÓN
103148,INGENIERÍA
103149,INGENIERÍA
103153,ADMINISTRACIÓN Y AFINES
103160,DERECHO
103161,INGENIERÍA
103164,ADMINISTRACIÓN Y AFINES
103179,ADMINISTRACIÓN Y AFINES
103186,ADMINISTRACIÓN Y AFINES
103187,ADMINISTRACIÓN Y AFINES
103204,EDUCACIÓN
103209,CIENCIAS NATURALES Y EXACTAS
103210,ADMINISTRACIÓN Y AFINES
103211,CIENCIAS NATURALES Y EXACTAS
103213,ADMINISTRACIÓN Y AFINES
103215,ADMINISTRACIÓN Y AFINES
103224,INGENIERÍA
103228,INGENIERÍA
103234,INGENIERÍA
103239,INGENIERÍA
103246,EDUCACIÓN
103256,INGENIERÍA
103257,INGENIERÍA
103258,ADMINISTRACIÓN Y AFINES
103263,DERECHO
103265,ADMINISTRACIÓN Y AFINES
103275,ADMINISTRACIÓN Y AFINES
103276,BELLAS ARTES Y DISEÑO
103281,CONTADURÍA Y AFINES
103287,ADMINISTRACIÓN Y AFINES
103300,INGENIERÍA
103302,INGENIERÍA
103319,BELLAS ARTES Y DISEÑO
103320,ENFERMERÍA
103326,ADMINISTRACIÓN Y AFINES
103334,INGENIERÍA
103343,BELLAS ARTES Y DISEÑO
103365,CONTADURÍA Y AFINES
103367,"COMUNICACIÓN, PERIODISMO Y PUBLICIDAD"
103375,EDUCACIÓN
103376,EDUCACIÓN
103385,ADMINISTRACIÓN Y AFINES
103390,ENFERMERÍA
103408,INGENIERÍA
103418,CONTADURÍA Y AFINES
103419,ADMINISTRACIÓN Y AFINES
103422,PSICOLOGÍA
103423,ADMINISTRACIÓN Y AFINES
103429,CIENCIAS SOCIALES
103435,ADMINISTRACIÓN Y AFINES
103444,CONTADURÍA Y AFINES
103448,INGENIERÍA
103450,HUMANIDADES
103461,CONTADURÍA Y AFINES
103465,SALUD
103472,ADMINISTRACIÓN Y AFINES
103494,"COMUNICACIÓN, PERIODISMO Y PUBLICIDAD"
103502,PSICOLOGÍA
103510,INGENIERÍA
103512,ADMINISTRACIÓN Y AFINES
103528,BELLAS ARTES Y DISEÑO
103530,"COMUNICACIÓN, PERIODISMO Y PUBLICIDAD"
103592,CIENCIAS SOCIALES
103626,ENFERMERÍA
103648,ADMINISTRACIÓN Y AFINES
103654,HUMANIDADES
103660,INGENIERÍA
103672,ADMINISTRACIÓN Y AFINES
103676,ADMINISTRACIÓN Y AFINES
103713,CIENCIAS NATURALES Y EXACTAS
103722,CIENCIAS NATURALES Y EXACTAS
103739,ADMINISTRACIÓN Y AFINES
103752,PSICOLOGÍA
103763,"COMUNICACIÓN, PERIODISMO Y PUBLICIDAD"
103770,BELLAS ARTES Y DISEÑO
103772,"COMUNICACIÓN, PERIODISMO Y PUBLICIDAD"
103785,HUMANIDADES
103799,ADMINISTRACIÓN Y AFINES
103804,ADMINISTRACIÓN Y AFINES
103808,ADMINISTRACIÓN Y AFINES
103814,BELLAS ARTES Y DISEÑO
103824,EDUCACIÓN
103842,INGENIERÍA
103860,SALUD
103875,EDUCACIÓN
103908,INGENIERÍA
103911,CONTADURÍA Y AFINES
103928,INGENIERÍA
103930,CONTADURÍA Y AFINES
104071,ADMINISTRACIÓN Y AFINES
104081,CONTADURÍA Y AFINES
104110,BELLAS ARTES Y DISEÑO
104167,ADMINISTRACIÓN Y AFINES
104210,INGENIERÍA
104234,CONTADURÍA Y AFINES
104285,CIENCIAS SOCIALES
104286,PSICOLOGÍA
104313,EDUCACIÓN
104324,ADMINISTRACIÓN Y AFINES
104385,ADMINISTRACIÓN Y AFINES
104413,ADMINISTRACIÓN Y AFINES
104455,ADMINISTRACIÓN Y AFINES
104462,CONTADURÍA Y AFINES
104471,INGENIERÍA
104473,ADMINISTRACIÓN Y AFINES
104496,CIENCIAS SOCIALES
104497,EDUCACIÓN
104533,HUMANIDADES
104534,ADMINISTRACIÓN Y AFINES
104543,INGENIERÍA
104545,RECREACIÓN Y DEPORTES
104564,INGENIERÍA
104600,SALUD
104601,SALUD
104633,INGENIERÍA
104638,"COMUNICACIÓN, PERIODISMO Y PUBLICIDAD"
104639,BELLAS ARTES Y DISEÑO
104645,EDUCACIÓN
104667,HUMANIDADES
104671,ADMINISTRACIÓN Y AFINES
104676,CONTADURÍA Y AFINES
104703,ADMINISTRACIÓN Y AFINES
104747,ADMINISTRACIÓN Y AFINES
104809,ADMINISTRACIÓN Y AFINES
104878,EDUCACIÓN
104898,ADMINISTRACIÓN Y AFINES
104904,ADMINISTRACIÓN Y AFINES
104912,ADMINISTRACIÓN Y AFINES
104913,CONTADURÍA Y AFINES
104958,RECREACIÓN Y DEPORTES
104970,ADMINISTRACIÓN Y AFINES
104983,EDUCACIÓN
104984,EDUCACIÓN
104998,ADMINISTRACIÓN Y AFINES
105001,BELLAS ARTES Y DISEÑO
105015,ADMINISTRACIÓN Y AFINES
105016,ADMINISTRACIÓN Y AFINES
105056,DERECHO
105088,"COMUNICACIÓN, PERIODISMO Y PUBLICIDAD"
105133,"COMUNICACIÓN, PERIODISMO Y PUBLICIDAD"
105187,"COMUNICACIÓN, PERIODISMO Y PUBLICIDAD"
105216,CONTADURÍA Y AFINES
105232,CONTADURÍA Y AFINES
105259,ADMINISTRACIÓN Y AFINES
105261,ADMINISTRACIÓN Y AFINES
105309,CONTADURÍA Y AFINES
105319,ADMINISTRACIÓN Y AFINES
105346,EDUCACIÓN
105348,INGENIERÍA
105359,EDUCACIÓN
105461,INGENIERÍA
105521,INGENIERÍA
105591,INGENIERÍA
105611,ADMINISTRACIÓN Y AFINES
105614,ADMINISTRACIÓN Y AFINES
105678,CIENCIAS SOCIALES
105774,INGENIERÍA
105779,BELLAS ARTES Y DISEÑO
105793,ADMINISTRACIÓN Y AFINES
105796,BELLAS ARTES Y DISEÑO
105797,BELLAS ARTES Y DISEÑO
105953,EDUCACIÓN
105954,EDUCACIÓN
105968,INGENIERÍA
106004,BELLAS ARTES Y DISEÑO
106017,BELLAS ARTES Y DISEÑO
106052,EDUCACIÓN
106079,EDUCACIÓN
106097,BELLAS ARTES Y DISEÑO
106098,BELLAS ARTES Y DISEÑO
106118,HUMANIDADES
106191,ADMINISTRACIÓN Y AFINES
106256,"COMUNICACIÓN, PERIODISMO Y PUBLICIDAD"
106376,ADMINISTRACIÓN Y AFINES
106481,INGENIERÍA
106510,BELLAS ARTES Y DISEÑO
106552,"COMUNICACIÓN, PERIODISMO Y PUBLICIDAD"
